student,overall_placement_scale_score,scale_score,no_number_and_operations,alg_algebra_and_algebraic_thinking,ms_measurement_and_data,geo_geometry,typical_growth,stretch_growth,diagnostic_date,attendance_rate,tardies_ytd,behavior_incidents_ytd,positive_behavior_points,engagement_rating_1_5,at_risk_behavior_flag
"REYES, Genesis",Emerging K (170),170,Emerging K,Emerging K,Emerging K,Mid K,23,30,05/14/26,89.9,11,0,38,1,No
"ADAMS, Grace",Late K (395),395,Early Grade 1,Late K,Early K,Mid K,42,60,03/09/26,94.6,16,0,5,3,No
"JONES, Nora",Mid Grade 1 (442),442,Late Grade 1,Grade 2,Emerging Grade 1,Late Grade 1,22,36,06/20/26,94.3,6,0,4,1,No
"DELGADO, Victoria",Grade 7 (588),588,Grade 5,Grade 8,Grade 7,Grade 8,40,56,02/12/26,93.7,9,1,43,4,No
"VASQUEZ, Caroline",Early Grade 1 (428),428,Emerging Grade 1,Mid Grade 1,Mid Grade 1,Early Grade 1,40,52,06/11/26,94.5,4,0,2,5,No
"VARGAS, Ellie",Emerging K (245),245,Mid K,Early K,Emerging K,Mid K,35,52,06/15/26,89.6,12,2,34,3,No
"LEE, Andrew",Grade 4 (533),533,Grade 4,Grade 3,Grade 3,Grade 6,35,42,01/28/26,97.9,9,1,27,4,No
"ANDERSON, Hazel",Mid Grade 1 (455),455,Grade 2,Mid Grade 1,Grade 2,Emerging Grade 1,41,49,06/18/26,92.2,3,0,18,3,No
"GARCIA, Anthony",Grade 6 (569),569,Grade 8,Grade 5,Grade 8,Grade 4,40,54,06/17/26,94.5,5,1,34,5,No
"GARCIA, Skylar",Mid Grade 1 (456),456,Emerging Grade 1,Emerging Grade 1,Mid Grade 1,Mid Grade 1,27,33,02/19/26,93.4,8,1,4,5,No
"CRUZ, Asher",Early K (351),351,Early K,Mid K,Late K,Early K,37,48,06/10/26,85.6,13,0,33,4,No
"ROJAS, Riley",Emerging K (105),105,Mid K,Mid K,Emerging K,Mid K,27,32,01/23/26,87.1,9,3,21,2,Yes
"CONTRERAS, Samuel",Late Grade 1 (467),467,Grade 3,Mid Grade 1,Grade 3,Grade 3,35,47,04/26/26,91.7,9,1,22,3,No
"PEREZ, Audrey",Late Grade 1 (464),464,Early Grade 1,Grade 2,Late Grade 1,Early Grade 1,27,38,02/18/26,89.8,9,0,15,5,No
"WHITE, Isabella",Grade 3 (518),518,Late Grade 1,Late Grade 1,Grade 5,Late Grade 1,22,34,02/14/26,91.9,7,0,3,2,No
"TAYLOR, Aiden",Mid K (370),370,Mid K,Late K,Emerging Grade 1,Late K,24,35,03/07/26,93.7,9,1,47,3,No
"MITCHELL, Mateo",Emerging Grade 1 (417),417,Late K,Mid K,Mid Grade 1,Mid K,25,32,05/03/26,90.0,7,0,36,3,No
"GONZALEZ, Thomas",Mid Grade 1 (454),454,Grade 2,Grade 2,Grade 2,Mid Grade 1,28,39,06/23/26,91.3,10,0,41,3,No
"TORRES, David",Emerging K (259),259,Mid K,Emerging K,Emerging K,Mid K,26,39,02/12/26,93.1,6,0,10,3,No
"NUNEZ, Lucy",Mid Grade 1 (457),457,Emerging Grade 1,Grade 2,Mid Grade 1,Emerging Grade 1,24,37,01/04/26,92.1,6,0,13,4,No
"AGUILAR, Jack",Emerging Grade 1 (409),409,Mid K,Mid K,Early Grade 1,Emerging Grade 1,21,26,03/25/26,96.7,15,0,28,4,No
"HILL, Theodore",Emerging K (119),119,Mid K,Emerging K,Mid K,Emerging K,31,40,04/05/26,91.4,11,4,2,5,Yes
"MENDOZA, Jack",Late Grade 1 (472),472,Grade 3,Grade 2,Grade 3,Mid Grade 1,27,37,02/14/26,97.6,9,0,26,5,No
"MENDOZA, Adrian",Mid K (378),378,Emerging K,Late K,Emerging K,Late K,27,38,04/12/26,88.0,15,0,1,4,No
"WILLIAMS, Ellie",Mid K (358),358,Mid K,Mid K,Emerging Grade 1,Late K,41,56,01/04/26,91.5,8,1,16,1,No
"THOMPSON, Thomas",Late K (391),391,Emerging Grade 1,Early Grade 1,Early Grade 1,Early K,32,43,03/02/26,90.4,9,4,34,4,Yes
"ROMERO, Adrian",Late K (383),383,Late K,Early Grade 1,Late K,Early K,43,57,05/10/26,89.1,7,2,35,2,No
"ANDERSON, Violet",Late Grade 1 (466),466,Grade 3,Grade 3,Late Grade 1,Grade 2,37,42,03/10/26,94.1,13,1,20,4,No
"MUNOZ, Gabriel",Early Grade 1 (426),426,Late K,Early Grade 1,Late Grade 1,Late Grade 1,30,37,02/22/26,89.6,14,0,2,3,No
"EVANS, Dylan",Grade 3 (503),503,Grade 4,Grade 4,Grade 5,Grade 2,42,59,04/13/26,94.2,11,0,48,5,No
"LEE, Amelia",Early K (354),354,Late K,Emerging K,Early K,Emerging K,34,43,04/22/26,85.4,9,0,48,5,No
"KING, Joshua",Emerging Grade 1 (418),418,Early Grade 1,Late K,Early Grade 1,Early Grade 1,28,40,06/09/26,91.4,5,1,17,3,No
"ESTRADA, Willow",Mid K (366),366,Mid K,Emerging Grade 1,Emerging K,Early K,24,36,04/23/26,91.0,12,0,21,4,No
"SANCHEZ, Violet",Early K (347),347,Late K,Emerging K,Late K,Late K,20,36,03/25/26,84.3,14,3,34,4,Yes
"PHILLIPS, Lucy",Grade 4 (536),536,Grade 3,Grade 4,Grade 5,Grade 5,20,37,03/22/26,93.3,4,0,29,5,No
"BAKER, Nova",Emerging K (200),200,Mid K,Mid K,Mid K,Emerging K,22,40,02/28/26,87.7,11,0,13,4,No
"ANDERSON, Layla",Mid K (369),369,Mid K,Emerging K,Late K,Emerging K,43,49,03/08/26,86.7,6,1,48,1,No
"ROMERO, Riley",Grade 3 (520),520,Grade 2,Grade 2,Grade 2,Grade 4,41,49,05/07/26,91.7,8,0,38,4,No
"REYES, Naomi",Grade 2 (486),486,Grade 2,Mid Grade 1,Grade 4,Mid Grade 1,29,46,04/23/26,94.7,11,1,15,2,No
"NUNEZ, Maverick",Grade 3 (520),520,Late Grade 1,Grade 5,Late Grade 1,Grade 3,37,55,06/12/26,97.9,9,0,26,5,No
"THOMPSON, Amelia",Grade 6 (575),575,Grade 5,Grade 7,Grade 5,Grade 8,40,53,05/26/26,100.0,3,0,46,4,No
"MENDOZA, Penelope",Grade 3 (503),503,Grade 3,Grade 4,Grade 2,Grade 4,38,55,03/01/26,91.3,7,0,22,5,No
"CONTRERAS, Layla",Grade 4 (529),529,Grade 6,Grade 2,Grade 6,Grade 3,22,34,06/14/26,89.6,7,1,41,4,No
"RODRIGUEZ, Savannah",Emerging K (156),156,Early K,Mid K,Emerging K,Early K,41,57,04/18/26,85.5,10,2,21,3,No
"VARGAS, Anthony",Mid K (363),363,Emerging K,Early K,Mid K,Emerging K,43,53,02/07/26,89.6,7,1,48,4,No
"GOMEZ, Wyatt",Grade 3 (510),510,Grade 2,Grade 3,Grade 2,Grade 3,20,29,03/02/26,97.8,6,1,8,4,No
"YOUNG, Christian",Emerging K (103),103,Mid K,Early K,Early K,Early K,34,49,02/02/26,88.5,17,0,4,3,No
"CAMPBELL, Isabella",Mid Grade 1 (442),442,Early Grade 1,Early Grade 1,Grade 2,Mid Grade 1,22,34,01/18/26,92.6,4,2,14,4,No
"HARRIS, Grayson",Grade 5 (550),550,Grade 7,Grade 6,Grade 5,Grade 7,39,45,05/24/26,99.3,9,0,16,4,No
"GUERRERO, Alexander",Early K (325),325,Early K,Emerging K,Late K,Late K,42,62,03/02/26,89.7,15,2,29,2,No
"AGUILAR, Victoria",Grade 2 (499),499,Late Grade 1,Grade 3,Mid Grade 1,Grade 4,27,36,03/27/26,94.1,8,1,38,4,No
"ESTRADA, Josiah",Emerging Grade 1 (415),415,Emerging Grade 1,Early Grade 1,Emerging Grade 1,Mid Grade 1,37,57,04/03/26,85.9,5,2,38,3,No
"SALAZAR, Mia",Grade 6 (579),579,Grade 8,Grade 4,Grade 6,Grade 8,21,31,04/17/26,91.9,0,0,37,3,No
"RIVERA, Leo",Emerging Grade 1 (414),414,Emerging Grade 1,Emerging Grade 1,Mid K,Late K,30,48,06/16/26,89.3,16,2,35,1,No
"SMITH, Mia",Mid K (359),359,Late K,Emerging Grade 1,Emerging K,Emerging Grade 1,34,52,01/07/26,85.6,9,1,28,4,No
"VARGAS, Jack",Early Grade 1 (430),430,Mid Grade 1,Mid Grade 1,Late K,Late K,40,52,06/06/26,91.4,9,0,14,5,No
"LEWIS, James",Grade 6 (565),565,Grade 7,Grade 6,Grade 8,Grade 6,33,53,04/08/26,94.2,6,0,38,4,No
"RAMIREZ, Evelyn",Mid K (369),369,Mid K,Emerging Grade 1,Mid K,Emerging K,29,43,05/19/26,93.3,10,0,34,4,No
"NELSON, Carter",Grade 2 (493),493,Grade 3,Grade 2,Late Grade 1,Late Grade 1,38,55,02/28/26,93.5,7,1,45,5,No
"TAYLOR, Grayson",Grade 8 (605),605,Grade 7,Grade 6,Grade 6,Grade 8,38,53,01/28/26,97.8,4,2,0,4,No
"CHAVEZ, Jayden",Emerging K (300),300,Early K,Early K,Mid K,Mid K,32,39,03/28/26,86.9,7,4,40,4,Yes
"YOUNG, Aaliyah",Grade 4 (522),522,Grade 6,Grade 2,Grade 3,Grade 4,27,34,04/04/26,94.9,2,0,10,4,No
"GONZALEZ, Emma",Mid K (357),357,Mid K,Mid K,Mid K,Late K,24,36,05/14/26,84.9,8,0,5,4,Yes
"TURNER, Grayson",Late Grade 1 (476),476,Grade 3,Mid Grade 1,Mid Grade 1,Grade 2,40,53,04/09/26,89.6,2,1,18,4,No
"TORRES, Alexander",Emerging Grade 1 (412),412,Mid Grade 1,Emerging Grade 1,Early Grade 1,Emerging Grade 1,34,48,02/13/26,91.9,8,0,22,4,No
"DELGADO, Maya",Emerging K (312),312,Mid K,Early K,Early K,Emerging K,38,44,05/24/26,82.1,11,0,14,4,Yes
"ROJAS, Nora",Mid Grade 1 (460),460,Mid Grade 1,Early Grade 1,Emerging Grade 1,Emerging Grade 1,29,48,01/19/26,91.1,9,3,20,4,Yes
"ROMERO, Jackson",Early K (355),355,Mid K,Mid K,Early K,Mid K,35,49,06/28/26,88.4,11,5,9,4,Yes
"THOMAS, Owen",Grade 7 (598),598,Grade 7,Grade 5,Grade 8,Grade 5,28,36,04/12/26,94.3,1,0,40,5,No
"SALAZAR, Amelia",Emerging Grade 1 (420),420,Mid Grade 1,Emerging Grade 1,Mid Grade 1,Late K,40,47,06/27/26,86.5,10,1,7,2,No
"NUNEZ, Noah",Grade 8 (604),604,Grade 6,Grade 6,Grade 8,Grade 6,32,51,03/22/26,100.0,4,0,37,4,No
"MARTIN, Abigail",Mid Grade 1 (456),456,Grade 2,Late Grade 1,Mid Grade 1,Emerging Grade 1,42,58,02/15/26,90.1,9,0,43,3,No
"MILLER, Hudson",Emerging K (170),170,Emerging K,Emerging K,Early K,Emerging K,41,52,06/21/26,88.1,10,2,15,5,No
"ALVAREZ, Josiah",Emerging K (295),295,Mid K,Emerging K,Mid K,Emerging K,27,42,02/26/26,88.8,10,3,9,5,Yes
"MEDINA, Lucy",Grade 2 (484),484,Mid Grade 1,Late Grade 1,Mid Grade 1,Grade 2,45,57,05/11/26,95.7,8,0,26,4,No
"RAMIREZ, Naomi",Emerging Grade 1 (412),412,Mid Grade 1,Mid Grade 1,Mid K,Early Grade 1,36,48,05/02/26,90.1,3,1,19,4,No
"SANCHEZ, Emma",Grade 8 (613),613,Grade 7,Grade 8,Grade 6,Grade 7,42,61,01/03/26,96.3,7,0,39,4,No
"JOHNSON, Christopher",Late K (400),400,Early Grade 1,Late K,Emerging Grade 1,Early Grade 1,39,57,01/26/26,88.6,4,1,49,4,No
"THOMPSON, Chloe",Emerging Grade 1 (408),408,Early Grade 1,Emerging Grade 1,Early Grade 1,Early Grade 1,33,41,03/14/26,90.1,11,4,43,5,Yes
"RIVERA, Ethan",Grade 3 (503),503,Grade 4,Late Grade 1,Grade 3,Grade 2,37,43,05/18/26,89.9,5,0,42,5,No
"PEREZ, Theodore",Grade 7 (600),600,Grade 7,Grade 7,Grade 5,Grade 6,24,44,02/28/26,100.0,9,0,48,3,No
"LEE, Owen",Grade 3 (520),520,Grade 5,Grade 5,Late Grade 1,Grade 5,41,54,01/06/26,93.3,12,3,22,1,Yes
"RAMIREZ, Logan",Mid Grade 1 (443),443,Early Grade 1,Emerging Grade 1,Emerging Grade 1,Grade 2,26,43,04/15/26,90.6,11,2,49,5,No
"FLORES, Thomas",Grade 4 (525),525,Grade 3,Grade 6,Grade 2,Grade 2,28,47,06/14/26,91.4,7,0,48,4,No
"THOMPSON, Julian",Emerging K (273),273,Mid K,Mid K,Early K,Mid K,41,55,01/08/26,85.4,13,0,19,5,No
"ORTIZ, Maverick",Grade 2 (490),490,Grade 2,Mid Grade 1,Mid Grade 1,Grade 3,43,61,02/05/26,90.0,11,0,42,5,No
"THOMAS, Isabella",Grade 4 (522),522,Grade 5,Grade 2,Grade 5,Grade 2,30,48,05/13/26,93.8,4,0,1,5,No
"TURNER, Ella",Emerging Grade 1 (412),412,Mid K,Early Grade 1,Mid K,Late K,33,50,05/03/26,88.9,11,0,21,5,No
"WRIGHT, Isabella",Mid Grade 1 (457),457,Grade 2,Early Grade 1,Mid Grade 1,Mid Grade 1,43,52,02/04/26,93.4,10,1,48,4,No
"CASTILLO, Isabella",Grade 6 (576),576,Grade 7,Grade 8,Grade 8,Grade 7,41,56,06/11/26,96.5,7,0,19,5,No
"SANCHEZ, Anna",Late K (383),383,Late K,Emerging Grade 1,Emerging Grade 1,Early K,21,37,03/03/26,85.3,3,0,38,4,No
"MITCHELL, Audrey",Early Grade 1 (422),422,Mid Grade 1,Late Grade 1,Emerging Grade 1,Early Grade 1,39,59,05/05/26,94.8,8,2,21,5,No
"KING, Lucas",Mid Grade 1 (442),442,Early Grade 1,Late Grade 1,Late Grade 1,Grade 2,36,46,03/12/26,94.8,7,2,43,4,No
"WILLIAMS, Ezra",Emerging K (124),124,Mid K,Mid K,Early K,Early K,28,37,03/03/26,87.2,10,0,41,4,No
"CRUZ, Isaac",Mid Grade 1 (443),443,Mid Grade 1,Grade 2,Late Grade 1,Mid Grade 1,24,31,06/22/26,89.7,10,0,11,5,No
"YOUNG, Layla",Early K (329),329,Early K,Emerging K,Mid K,Emerging K,36,42,06/11/26,92.2,7,1,9,2,No
"TURNER, Isaiah",Grade 3 (506),506,Grade 4,Late Grade 1,Grade 4,Grade 3,41,53,04/20/26,92.9,12,0,34,3,No
"MORENO, Dylan",Late K (399),399,Emerging Grade 1,Emerging Grade 1,Late K,Emerging Grade 1,36,54,02/27/26,91.7,13,3,3,4,Yes
"NELSON, Camila",Grade 5 (557),557,Grade 3,Grade 5,Grade 3,Grade 4,28,47,05/05/26,95.8,5,2,28,5,No
"MARTIN, Emma",Emerging K (228),228,Early K,Emerging K,Early K,Emerging K,31,43,01/11/26,93.8,8,1,50,2,No
"ESTRADA, Noah",Grade 5 (556),556,Grade 4,Grade 6,Grade 6,Grade 7,20,27,01/09/26,95.6,8,3,38,4,Yes
"ESTRADA, James",Mid K (359),359,Emerging K,Early K,Late K,Emerging Grade 1,34,41,01/27/26,93.1,8,0,32,4,No
"GUTIERREZ, Willow",Mid K (356),356,Emerging Grade 1,Mid K,Early K,Emerging Grade 1,33,43,06/22/26,96.8,14,0,33,4,No
"NELSON, Lincoln",Emerging K (220),220,Emerging K,Mid K,Early K,Early K,28,33,03/26/26,90.6,12,1,6,4,No
"WILLIAMS, Adrian",Early K (343),343,Mid K,Early K,Late K,Late K,40,50,02/03/26,87.7,3,0,12,1,No
"GONZALEZ, Grace",Mid K (365),365,Emerging Grade 1,Late K,Emerging Grade 1,Late K,28,34,06/07/26,88.5,16,0,41,3,No
"WILSON, Harper",Emerging Grade 1 (413),413,Early Grade 1,Early Grade 1,Emerging Grade 1,Late K,35,55,03/26/26,85.6,8,2,5,3,No
"ADAMS, Scarlett",Mid K (359),359,Emerging K,Mid K,Mid K,Mid K,34,52,02/23/26,86.7,11,2,22,4,No
"CONTRERAS, Aurora",Mid Grade 1 (442),442,Emerging Grade 1,Late Grade 1,Mid Grade 1,Grade 2,45,55,01/05/26,94.8,5,1,8,2,No
"DAVIS, Elena",Late K (399),399,Early K,Early Grade 1,Mid K,Emerging Grade 1,31,47,04/25/26,91.8,10,0,20,4,No
"REYES, Riley",Emerging K (147),147,Early K,Mid K,Early K,Mid K,23,36,03/23/26,79.1,14,0,31,3,Yes
"TORRES, Evelyn",Emerging Grade 1 (415),415,Mid K,Emerging Grade 1,Emerging Grade 1,Mid K,37,51,03/28/26,93.6,13,2,11,5,No
"ROJAS, Claire",Early K (333),333,Early K,Early K,Late K,Emerging K,31,47,04/26/26,90.8,10,3,4,3,Yes
"WALKER, Willow",Early Grade 1 (434),434,Late Grade 1,Late K,Emerging Grade 1,Early Grade 1,40,47,04/15/26,90.4,6,3,49,4,Yes
"JIMENEZ, Anna",Grade 2 (485),485,Grade 3,Grade 4,Mid Grade 1,Mid Grade 1,36,45,03/06/26,97.1,13,0,33,5,No
"MEDINA, Lucas",Early K (338),338,Early K,Mid K,Emerging K,Early K,38,47,02/22/26,84.6,6,0,36,1,Yes
"FLORES, Emma",Emerging K (264),264,Mid K,Early K,Mid K,Emerging K,44,62,05/21/26,94.8,12,1,41,5,No
"MENDOZA, Brooklyn",Grade 3 (513),513,Grade 3,Grade 4,Late Grade 1,Late Grade 1,25,44,04/16/26,91.3,8,0,45,3,No
"MOORE, Julian",Early K (344),344,Emerging K,Mid K,Early K,Late K,23,36,04/08/26,89.8,11,4,39,3,Yes
"JOHNSON, Alexander",Grade 5 (551),551,Grade 4,Grade 4,Grade 6,Grade 7,34,54,03/16/26,100.0,7,0,15,3,No
"PEREZ, Nora",Emerging K (226),226,Mid K,Mid K,Mid K,Early K,29,34,01/14/26,90.2,12,0,25,3,No
"PEREZ, Ellie",Early Grade 1 (427),427,Early Grade 1,Late Grade 1,Early Grade 1,Late K,32,51,05/09/26,93.5,5,1,8,5,No
"WILSON, Isaac",Grade 2 (491),491,Grade 4,Grade 2,Late Grade 1,Late Grade 1,39,56,05/02/26,95.0,8,0,30,4,No
"PHILLIPS, Abigail",Grade 4 (525),525,Grade 4,Grade 6,Grade 4,Grade 3,32,46,05/11/26,91.0,6,0,36,3,No
"WILSON, Liam",Late K (384),384,Emerging Grade 1,Early Grade 1,Late K,Early K,39,59,03/21/26,91.5,4,1,46,1,No
"VASQUEZ, Brooklyn",Early Grade 1 (440),440,Mid Grade 1,Emerging Grade 1,Emerging Grade 1,Late K,38,46,02/01/26,88.7,10,0,13,3,No
"EVANS, Elena",Grade 5 (542),542,Grade 4,Grade 7,Grade 4,Grade 7,30,50,05/13/26,94.5,8,2,21,4,No
"AGUILAR, Caleb",Mid Grade 1 (447),447,Early Grade 1,Mid Grade 1,Grade 2,Mid Grade 1,27,41,03/23/26,93.4,13,0,22,4,No
"CONTRERAS, Nathan",Mid K (374),374,Emerging Grade 1,Late K,Late K,Mid K,44,53,03/02/26,88.7,14,0,28,4,No
"WALKER, Naomi",Early K (355),355,Mid K,Mid K,Early K,Emerging K,39,51,02/02/26,87.4,7,1,3,2,No
"ROBINSON, Carter",Emerging K (297),297,Emerging K,Emerging K,Mid K,Emerging K,33,53,04/21/26,91.0,18,0,41,2,No
"RIVERA, Maverick",Mid Grade 1 (448),448,Grade 2,Emerging Grade 1,Early Grade 1,Late Grade 1,25,31,04/26/26,85.2,8,5,18,5,Yes
"NUNEZ, Sofia",Early Grade 1 (424),424,Early Grade 1,Early Grade 1,Mid Grade 1,Late Grade 1,36,56,02/28/26,89.2,9,2,21,2,No
"MEDINA, Anthony",Late Grade 1 (461),461,Late Grade 1,Late Grade 1,Grade 3,Mid Grade 1,25,42,04/17/26,91.4,10,0,8,4,No
"GARCIA, Riley",Mid K (363),363,Late K,Mid K,Mid K,Mid K,38,43,03/21/26,88.4,12,2,29,3,No
"KING, Ellie",Grade 5 (550),550,Grade 3,Grade 5,Grade 5,Grade 7,27,39,02/16/26,98.0,10,0,26,4,No
"BAKER, Dylan",Grade 3 (507),507,Grade 2,Grade 5,Late Grade 1,Grade 5,34,50,01/19/26,98.3,11,2,12,4,No
"VASQUEZ, Abigail",Mid K (372),372,Late K,Emerging K,Early K,Emerging Grade 1,35,42,05/15/26,91.0,7,1,29,4,No
"LEWIS, Paisley",Late Grade 1 (470),470,Early Grade 1,Grade 2,Late Grade 1,Early Grade 1,43,54,05/03/26,95.4,9,0,3,5,No
"ROBINSON, Ethan",Emerging K (204),204,Emerging K,Emerging K,Mid K,Mid K,40,58,03/13/26,82.3,13,0,5,4,Yes
"ADAMS, Charles",Early K (343),343,Emerging K,Early K,Late K,Early K,43,55,01/25/26,91.7,11,2,34,3,No
"SALAZAR, Grayson",Mid K (367),367,Early K,Mid K,Early K,Emerging K,21,39,05/25/26,95.6,7,0,4,2,No
"HARRIS, Noah",Mid Grade 1 (442),442,Early Grade 1,Emerging Grade 1,Late Grade 1,Late Grade 1,27,38,01/05/26,89.7,8,2,46,4,No
"CARTER, Everly",Grade 2 (491),491,Late Grade 1,Grade 2,Late Grade 1,Grade 4,27,45,03/09/26,100.0,10,2,11,4,No
"PEREZ, Bella",Grade 7 (593),593,Grade 7,Grade 8,Grade 8,Grade 6,29,46,02/25/26,94.2,5,0,45,2,No
"SANCHEZ, Audrey",Early Grade 1 (434),434,Late Grade 1,Late Grade 1,Emerging Grade 1,Mid Grade 1,27,40,02/11/26,87.5,3,3,5,4,Yes
"PEREZ, Sebastian",Mid K (377),377,Emerging Grade 1,Emerging Grade 1,Emerging K,Emerging K,26,37,04/07/26,91.6,8,4,0,3,Yes
"MORALES, Sebastian",Grade 2 (496),496,Late Grade 1,Grade 4,Late Grade 1,Grade 3,27,42,03/13/26,89.2,8,0,23,4,No
"LEWIS, Bella",Emerging K (284),284,Early K,Early K,Emerging K,Early K,30,48,01/19/26,91.8,7,0,35,5,No
"MARTIN, Andrew",Mid K (362),362,Mid K,Early K,Late K,Emerging Grade 1,27,47,05/21/26,92.4,9,2,31,5,No
"YOUNG, Hudson",Emerging Grade 1 (412),412,Late K,Late K,Mid Grade 1,Early Grade 1,25,31,05/02/26,91.6,8,2,3,4,No
"ORTIZ, Jayden",Grade 3 (508),508,Late Grade 1,Grade 2,Late Grade 1,Grade 2,36,55,03/02/26,90.7,4,0,30,4,No
"GARCIA, Liam",Early Grade 1 (434),434,Late K,Late K,Late Grade 1,Early Grade 1,37,51,01/17/26,93.3,4,2,11,2,No
"GREEN, Elijah",Early K (333),333,Mid K,Mid K,Mid K,Late K,22,38,04/15/26,80.8,7,0,43,5,Yes
"LOPEZ, Lucas",Emerging K (197),197,Early K,Mid K,Early K,Emerging K,40,45,06/06/26,93.6,13,1,21,4,No
"SALAZAR, Olivia",Early K (351),351,Mid K,Emerging K,Emerging K,Mid K,37,43,02/28/26,86.2,17,1,48,5,No
"TORRES, Isaac",Mid K (374),374,Early K,Emerging Grade 1,Late K,Emerging Grade 1,30,47,06/05/26,91.0,5,0,47,5,No
"GOMEZ, Mateo",Emerging Grade 1 (403),403,Emerging Grade 1,Mid Grade 1,Mid Grade 1,Mid Grade 1,32,47,01/21/26,89.6,18,1,22,4,No
"THOMPSON, Grayson",Early K (345),345,Emerging K,Mid K,Early K,Emerging K,22,35,02/13/26,88.2,6,2,20,3,No
"GARCIA, Mia",Grade 6 (575),575,Grade 6,Grade 6,Grade 4,Grade 5,22,32,04/15/26,92.4,5,0,5,3,No
"CARTER, Mia",Mid Grade 1 (451),451,Late Grade 1,Emerging Grade 1,Mid Grade 1,Late Grade 1,32,39,06/18/26,99.1,4,1,10,4,No
"ORTIZ, Ella",Mid K (364),364,Late K,Early K,Emerging K,Early K,33,46,04/10/26,88.6,10,0,15,4,No
"CARTER, Bella",Mid Grade 1 (455),455,Emerging Grade 1,Early Grade 1,Mid Grade 1,Emerging Grade 1,32,47,05/13/26,93.1,6,0,41,5,No
"NUNEZ, Evelyn",Mid K (378),378,Early K,Late K,Mid K,Early K,32,47,03/24/26,88.6,7,1,15,3,No
"THOMAS, Lily",Late K (399),399,Mid K,Early Grade 1,Early Grade 1,Mid K,41,46,06/15/26,92.3,9,2,44,2,No
"ALLEN, Jayden",Early K (340),340,Early K,Mid K,Early K,Late K,45,62,01/15/26,92.6,10,0,32,5,No
"MARTIN, Isaiah",Early Grade 1 (432),432,Late Grade 1,Late Grade 1,Late K,Late K,44,56,06/22/26,88.9,12,0,41,4,No
"DIAZ, Aurora",Emerging K (166),166,Emerging K,Mid K,Mid K,Mid K,37,49,04/12/26,84.6,14,1,32,2,Yes
"WALKER, Emma",Emerging K (206),206,Emerging K,Emerging K,Mid K,Emerging K,31,45,03/15/26,89.4,7,0,6,3,No
"HARRIS, Maya",Mid K (365),365,Emerging K,Emerging K,Emerging K,Mid K,40,48,06/26/26,94.2,17,0,11,4,No
"HILL, Carter",Emerging Grade 1 (415),415,Late K,Early Grade 1,Late K,Late K,40,58,04/01/26,90.5,3,1,27,3,No
"MUNOZ, Ryan",Early K (325),325,Emerging K,Early K,Mid K,Mid K,26,45,01/09/26,87.5,7,5,20,4,Yes
"THOMAS, Joshua",Early Grade 1 (432),432,Early Grade 1,Mid Grade 1,Late Grade 1,Emerging Grade 1,41,55,05/19/26,93.0,9,0,19,2,No
"GUTIERREZ, Camila",Early Grade 1 (434),434,Late Grade 1,Emerging Grade 1,Late Grade 1,Mid Grade 1,33,43,04/21/26,85.1,7,4,11,4,Yes
"ESTRADA, Leo",Early K (341),341,Late K,Emerging K,Mid K,Emerging K,35,44,02/27/26,86.3,13,1,26,4,No
"WHITE, Violet",Emerging Grade 1 (403),403,Mid Grade 1,Mid K,Late K,Emerging Grade 1,21,34,02/18/26,89.7,14,1,49,4,No
"WRIGHT, Christopher",Emerging K (129),129,Early K,Mid K,Early K,Mid K,44,50,06/15/26,79.9,8,0,41,4,Yes
"LOPEZ, John",Emerging Grade 1 (412),412,Mid K,Early Grade 1,Mid K,Late K,26,42,06/20/26,89.8,8,0,13,5,No
"RAMIREZ, Ava",Late K (389),389,Early Grade 1,Early Grade 1,Mid K,Late K,42,56,03/19/26,89.8,15,5,43,5,Yes
"JACKSON, Evelyn",Grade 5 (549),549,Grade 4,Grade 4,Grade 4,Grade 4,42,57,02/25/26,96.9,4,0,40,3,No
"TORRES, Savannah",Mid Grade 1 (443),443,Late Grade 1,Grade 2,Mid Grade 1,Mid Grade 1,34,54,03/19/26,97.4,8,2,46,5,No
"MILLER, Genesis",Grade 3 (518),518,Grade 4,Grade 2,Grade 4,Grade 2,35,48,03/27/26,93.2,11,0,31,5,No
"PEREZ, Samantha",Emerging K (260),260,Early K,Emerging K,Emerging K,Emerging K,34,53,01/14/26,90.0,15,0,41,3,No
"RIVERA, Lily",Mid Grade 1 (449),449,Emerging Grade 1,Mid Grade 1,Early Grade 1,Emerging Grade 1,32,46,06/23/26,92.3,5,0,6,1,No
"TORRES, Brooklyn",Early K (335),335,Late K,Emerging K,Emerging K,Mid K,23,41,06/05/26,87.1,11,0,6,2,No
"NUNEZ, Camila",Early K (329),329,Early K,Emerging K,Emerging K,Early K,34,50,06/07/26,88.0,9,0,43,3,No
"RIVERA, Chloe",Grade 4 (525),525,Grade 2,Grade 6,Grade 5,Grade 4,33,48,02/08/26,94.4,8,0,38,4,No
"HERNANDEZ, Wyatt",Grade 3 (510),510,Grade 2,Grade 5,Grade 5,Grade 5,26,43,03/21/26,100.0,9,3,31,3,Yes
"ALLEN, Samuel",Mid Grade 1 (443),443,Grade 2,Emerging Grade 1,Mid Grade 1,Mid Grade 1,24,41,05/14/26,89.2,12,2,49,2,No
"RAMIREZ, Anna",Emerging K (155),155,Emerging K,Emerging K,Early K,Mid K,29,47,04/23/26,85.1,13,1,9,3,No
"FLORES, Zoey",Early Grade 1 (427),427,Emerging Grade 1,Late Grade 1,Early Grade 1,Mid Grade 1,38,45,03/23/26,84.7,11,0,15,2,Yes
"REYES, Aurora",Emerging Grade 1 (420),420,Mid K,Emerging Grade 1,Late K,Mid K,20,29,06/01/26,94.8,15,1,50,5,No
"VASQUEZ, Aria",Late K (389),389,Early K,Early K,Late K,Emerging Grade 1,28,35,03/23/26,94.6,9,1,32,3,No
"RAMIREZ, Bella",Early K (331),331,Mid K,Emerging K,Emerging K,Early K,43,48,01/28/26,90.7,8,1,24,5,No
"LOPEZ, Jackson",Early Grade 1 (434),434,Emerging Grade 1,Early Grade 1,Emerging Grade 1,Mid Grade 1,43,58,03/27/26,94.2,10,1,3,3,No
"GONZALEZ, Jaxon",Grade 6 (563),563,Grade 7,Grade 6,Grade 6,Grade 6,22,41,01/12/26,97.0,9,0,39,3,No
"ROBERTS, Camila",Grade 7 (587),587,Grade 6,Grade 6,Grade 5,Grade 8,20,32,05/12/26,93.4,2,0,21,1,No
"ANDERSON, Charles",Grade 3 (510),510,Late Grade 1,Grade 2,Grade 5,Grade 2,33,53,01/05/26,93.7,6,3,33,3,Yes
"CLARK, Camila",Grade 7 (583),583,Grade 5,Grade 6,Grade 8,Grade 5,38,44,04/22/26,98.5,5,0,20,5,No
"JOHNSON, Isaac",Mid K (364),364,Early K,Emerging K,Early K,Early K,44,52,02/04/26,91.5,13,0,34,3,No
"ALVAREZ, Maverick",Emerging Grade 1 (415),415,Emerging Grade 1,Mid K,Mid K,Late K,45,59,06/23/26,89.3,8,3,9,2,Yes
"MILLER, Riley",Late K (382),382,Late K,Late K,Mid K,Early K,32,51,05/24/26,89.1,9,0,50,2,No
"SANCHEZ, Sofia",Grade 3 (508),508,Grade 2,Grade 2,Grade 4,Grade 3,41,48,05/19/26,93.7,12,0,4,3,No
"WHITE, Hudson",Grade 3 (503),503,Grade 3,Late Grade 1,Late Grade 1,Grade 4,21,31,05/14/26,95.3,4,0,43,3,No
"MUNOZ, Nora",Grade 5 (549),549,Grade 5,Grade 6,Grade 4,Grade 3,39,51,06/10/26,89.0,6,0,5,3,No
"MARTIN, Evelyn",Early K (354),354,Early K,Emerging K,Late K,Mid K,35,55,03/19/26,86.2,10,0,20,4,No
"CONTRERAS, Emma",Emerging K (220),220,Mid K,Early K,Mid K,Emerging K,25,33,02/22/26,88.8,14,2,47,2,No
"CAMPBELL, Owen",Grade 3 (513),513,Grade 3,Grade 2,Grade 2,Grade 2,38,53,06/23/26,91.5,10,1,22,5,No
"GUTIERREZ, Josiah",Early Grade 1 (427),427,Mid Grade 1,Late Grade 1,Early Grade 1,Emerging Grade 1,35,41,01/02/26,91.8,11,1,0,3,No
"ROMERO, Joshua",Grade 3 (511),511,Grade 2,Grade 3,Late Grade 1,Late Grade 1,24,33,01/28/26,91.2,7,0,45,5,No
"ROBERTS, Isaac",Emerging K (177),177,Early K,Emerging K,Emerging K,Mid K,33,53,06/11/26,92.2,18,2,39,5,No
"ROBERTS, Owen",Grade 3 (513),513,Grade 3,Grade 3,Grade 2,Grade 2,43,48,06/19/26,86.5,13,4,2,3,Yes
"EVANS, David",Early K (327),327,Late K,Early K,Mid K,Emerging K,27,43,03/06/26,84.1,4,2,42,4,Yes
"HARRIS, Carter",Emerging K (153),153,Emerging K,Mid K,Emerging K,Early K,28,36,06/01/26,91.7,12,1,10,5,No
"ANDERSON, Bella",Late K (393),393,Early K,Emerging Grade 1,Early Grade 1,Mid K,25,44,01/26/26,91.8,7,0,6,2,No
"ANDERSON, Ella",Early K (325),325,Emerging K,Mid K,Late K,Emerging K,33,43,05/14/26,90.0,11,0,12,3,No
"ADAMS, Christopher",Mid K (365),365,Mid K,Early K,Emerging K,Emerging K,32,52,02/02/26,87.8,12,0,42,4,No
"ROMERO, Brooklyn",Emerging K (152),152,Emerging K,Mid K,Early K,Emerging K,35,43,03/26/26,85.8,13,1,5,4,No
"JIMENEZ, Hazel",Late K (393),393,Late K,Mid K,Emerging Grade 1,Early K,28,47,04/09/26,90.8,12,0,48,4,No
"FLORES, Elijah",Late Grade 1 (478),478,Grade 2,Grade 3,Mid Grade 1,Grade 3,21,38,05/14/26,97.3,7,4,36,5,Yes
"NUNEZ, Dylan",Emerging K (318),318,Mid K,Emerging K,Mid K,Mid K,36,45,01/25/26,81.7,13,0,13,5,Yes
"GONZALEZ, Benjamin",Late K (394),394,Mid K,Mid K,Early Grade 1,Late K,30,37,01/13/26,86.8,8,3,33,4,Yes
"TURNER, Sofia",Early Grade 1 (434),434,Late K,Mid Grade 1,Emerging Grade 1,Emerging Grade 1,38,46,01/19/26,92.6,3,3,22,5,Yes
"TAYLOR, Aria",Mid Grade 1 (459),459,Grade 2,Late Grade 1,Emerging Grade 1,Early Grade 1,28,45,02/20/26,88.6,5,0,21,4,No
"ROBINSON, Mateo",Grade 5 (552),552,Grade 3,Grade 5,Grade 5,Grade 5,28,48,06/22/26,100.0,10,0,47,3,No
"VARGAS, Penelope",Late Grade 1 (480),480,Early Grade 1,Mid Grade 1,Grade 2,Mid Grade 1,33,53,05/28/26,92.1,9,2,4,3,No
"MOORE, Lincoln",Early K (354),354,Emerging K,Early K,Early K,Early K,21,33,01/15/26,91.9,11,0,23,5,No
"THOMAS, Lincoln",Mid Grade 1 (444),444,Emerging Grade 1,Early Grade 1,Mid Grade 1,Late Grade 1,39,58,02/28/26,88.5,9,0,16,4,No
"RIVERA, Isaiah",Mid K (368),368,Emerging K,Early K,Emerging Grade 1,Early K,27,39,06/07/26,89.4,13,0,49,5,No
"MARTINEZ, Samantha",Emerging Grade 1 (405),405,Late K,Mid Grade 1,Mid K,Late K,28,42,06/23/26,89.0,7,0,22,4,No
"LEWIS, Chloe",Mid K (372),372,Emerging Grade 1,Late K,Emerging Grade 1,Emerging K,20,36,05/21/26,87.8,8,2,30,2,No
"JOHNSON, Lily",Grade 4 (529),529,Grade 4,Grade 3,Grade 3,Grade 6,44,56,01/26/26,98.0,2,0,20,4,No
"HERNANDEZ, Nathan",Mid Grade 1 (450),450,Mid Grade 1,Late Grade 1,Late Grade 1,Late Grade 1,43,49,05/23/26,97.7,8,0,45,3,No
"ROBINSON, Asher",Grade 5 (552),552,Grade 7,Grade 5,Grade 4,Grade 7,25,39,01/16/26,96.8,8,1,48,5,No
"WILLIAMS, Samantha",Mid Grade 1 (448),448,Mid Grade 1,Early Grade 1,Mid Grade 1,Late Grade 1,45,60,03/09/26,89.3,6,0,3,5,No
"MITCHELL, Andrew",Grade 6 (563),563,Grade 7,Grade 5,Grade 8,Grade 4,41,58,05/10/26,90.6,9,0,12,3,No
"CLARK, Josiah",Early K (332),332,Emerging K,Late K,Mid K,Early K,30,36,01/15/26,88.5,15,0,48,2,No
"RIVERA, Aaliyah",Early K (348),348,Late K,Late K,Late K,Late K,32,37,01/18/26,90.1,13,0,20,4,No
"MORENO, Skylar",Emerging K (101),101,Mid K,Mid K,Emerging K,Emerging K,42,58,03/05/26,91.4,13,0,4,5,No
"DELGADO, John",Emerging Grade 1 (417),417,Mid Grade 1,Mid Grade 1,Emerging Grade 1,Early Grade 1,41,50,03/16/26,89.8,10,4,25,1,Yes
"CRUZ, Owen",Early K (322),322,Early K,Emerging K,Mid K,Emerging K,32,45,05/20/26,98.5,13,1,41,5,No
"REYES, Mateo",Late K (393),393,Early K,Early Grade 1,Late K,Emerging Grade 1,42,51,02/23/26,90.2,9,1,6,4,No
"TURNER, Joseph",Mid Grade 1 (445),445,Late Grade 1,Emerging Grade 1,Grade 2,Grade 2,23,37,01/26/26,93.8,9,0,16,5,No
"MILLER, Grace",Late Grade 1 (470),470,Mid Grade 1,Early Grade 1,Grade 3,Grade 2,26,46,03/08/26,97.3,8,3,36,4,Yes
"RIVERA, Abigail",Grade 2 (483),483,Mid Grade 1,Grade 2,Late Grade 1,Grade 3,29,42,04/02/26,94.9,8,0,18,3,No
"SMITH, Caleb",Emerging Grade 1 (404),404,Mid K,Mid K,Mid K,Late K,41,51,03/12/26,96.9,4,0,46,2,No
"JIMENEZ, Layla",Emerging K (202),202,Early K,Early K,Early K,Mid K,35,53,06/26/26,89.4,12,2,10,2,No
"WALKER, Anna",Grade 3 (515),515,Grade 2,Grade 5,Grade 4,Grade 3,39,44,06/27/26,93.1,1,0,31,2,No
"WHITE, Jayden",Emerging K (166),166,Mid K,Early K,Emerging K,Mid K,41,53,06/28/26,86.7,14,2,6,3,No
"MENDOZA, Kinsley",Emerging Grade 1 (413),413,Late K,Mid Grade 1,Mid Grade 1,Mid K,20,30,05/28/26,87.6,10,0,48,4,No
"WILLIAMS, Samuel",Grade 7 (582),582,Grade 6,Grade 8,Grade 8,Grade 6,22,41,04/26/26,95.2,5,0,20,2,No
"RODRIGUEZ, Bella",Emerging K (205),205,Emerging K,Mid K,Mid K,Emerging K,22,36,05/18/26,89.8,15,4,23,5,Yes
"CLARK, Owen",Late K (400),400,Early Grade 1,Emerging Grade 1,Late K,Emerging Grade 1,23,31,06/08/26,93.2,9,1,18,4,No
"DIAZ, Camila",Emerging K (142),142,Early K,Emerging K,Mid K,Mid K,43,61,01/09/26,87.1,9,4,25,3,Yes
"BROWN, Sebastian",Emerging K (206),206,Emerging K,Mid K,Mid K,Mid K,23,42,04/22/26,85.6,9,5,0,4,Yes
"NELSON, Mateo",Grade 5 (559),559,Grade 6,Grade 7,Grade 4,Grade 7,25,34,01/13/26,93.0,3,0,24,3,No
"MENDOZA, Caroline",Mid K (366),366,Mid K,Late K,Early K,Early K,33,47,06/18/26,92.8,6,4,40,3,Yes
"TURNER, Jack",Late Grade 1 (472),472,Mid Grade 1,Mid Grade 1,Grade 3,Grade 3,42,57,06/04/26,93.1,4,1,42,4,No
"BAKER, Caleb",Mid K (369),369,Emerging K,Emerging Grade 1,Emerging K,Emerging K,32,41,01/22/26,92.0,11,2,18,4,No
"SANCHEZ, Logan",Late Grade 1 (470),470,Mid Grade 1,Grade 3,Early Grade 1,Late Grade 1,34,42,05/28/26,91.1,4,0,41,4,No
"WRIGHT, Samuel",Grade 2 (490),490,Mid Grade 1,Grade 3,Grade 3,Grade 3,45,60,05/02/26,95.7,8,0,49,5,No
"ROJAS, Gabriel",Grade 5 (552),552,Grade 7,Grade 7,Grade 7,Grade 4,44,55,03/15/26,97.2,10,0,11,4,No
"ANDERSON, Harper",Emerging K (171),171,Mid K,Early K,Emerging K,Emerging K,38,51,01/11/26,81.7,12,0,20,4,Yes
"NUNEZ, Charles",Emerging Grade 1 (419),419,Mid Grade 1,Emerging Grade 1,Mid K,Emerging Grade 1,36,48,02/17/26,94.2,10,0,34,3,No
"ROJAS, Julian",Grade 4 (531),531,Grade 4,Grade 4,Grade 4,Grade 3,44,64,05/27/26,94.7,2,0,22,4,No
"EVANS, Hudson",Grade 5 (548),548,Grade 3,Grade 5,Grade 6,Grade 3,32,45,05/24/26,93.8,13,1,23,4,No
"HARRIS, Claire",Emerging Grade 1 (410),410,Late K,Emerging Grade 1,Mid Grade 1,Mid K,23,33,05/18/26,92.1,9,2,49,3,No
"LEE, Samantha",Grade 3 (507),507,Grade 5,Grade 4,Late Grade 1,Grade 2,20,39,06/11/26,95.1,7,0,16,4,No
"SALAZAR, Everly",Grade 5 (554),554,Grade 6,Grade 6,Grade 6,Grade 6,30,35,04/22/26,95.4,6,1,4,4,No
"GONZALEZ, Andrew",Late Grade 1 (463),463,Late Grade 1,Grade 3,Early Grade 1,Late Grade 1,45,59,05/03/26,91.5,15,0,42,1,No
"BAKER, Alexander",Early K (346),346,Mid K,Early K,Mid K,Mid K,20,29,01/02/26,93.2,10,1,5,3,No
"JONES, Naomi",Early K (353),353,Early K,Early K,Early K,Early K,39,52,02/04/26,91.4,15,3,48,5,Yes
"LEWIS, Christopher",Mid Grade 1 (443),443,Mid Grade 1,Emerging Grade 1,Mid Grade 1,Emerging Grade 1,26,46,03/12/26,95.2,11,0,39,2,No
"SMITH, Sebastian",Emerging Grade 1 (411),411,Mid Grade 1,Emerging Grade 1,Mid Grade 1,Late K,38,54,03/14/26,92.3,11,2,45,4,No
"ORTIZ, Luke",Late Grade 1 (471),471,Grade 2,Grade 2,Grade 2,Late Grade 1,44,58,04/18/26,96.1,11,0,17,5,No
"BAKER, Evelyn",Early K (325),325,Emerging K,Emerging K,Emerging K,Late K,44,55,01/18/26,88.8,17,1,41,4,No
"THOMAS, Luke",Early K (339),339,Early K,Late K,Emerging K,Late K,31,36,06/08/26,92.3,6,1,10,4,No
"HARRIS, Evelyn",Early K (330),330,Late K,Mid K,Emerging K,Early K,44,64,02/03/26,89.0,12,2,33,5,No
"TAYLOR, Luke",Emerging Grade 1 (415),415,Mid K,Mid K,Emerging Grade 1,Mid K,42,55,06/09/26,87.6,7,0,24,3,No
"TORRES, Emilia",Early Grade 1 (433),433,Emerging Grade 1,Late Grade 1,Mid Grade 1,Early Grade 1,31,51,04/20/26,97.8,9,1,14,2,No
"CONTRERAS, Hudson",Early K (332),332,Early K,Mid K,Emerging K,Early K,33,48,06/04/26,85.8,11,0,10,4,No
"RODRIGUEZ, Jayden",Mid K (360),360,Emerging Grade 1,Emerging Grade 1,Early K,Early K,40,46,05/05/26,92.0,11,0,25,4,No
"RODRIGUEZ, Josiah",Grade 4 (530),530,Grade 2,Grade 3,Grade 5,Grade 6,35,55,02/08/26,96.6,3,1,49,3,No
"WRIGHT, Charles",Mid K (379),379,Mid K,Late K,Emerging Grade 1,Emerging Grade 1,22,34,04/13/26,90.2,10,1,32,4,No
"CASTILLO, Elijah",Emerging Grade 1 (420),420,Mid Grade 1,Mid K,Mid Grade 1,Mid Grade 1,44,52,01/16/26,87.5,4,1,0,5,No
"THOMPSON, Elena",Early Grade 1 (432),432,Late K,Late Grade 1,Mid Grade 1,Emerging Grade 1,45,65,04/12/26,87.4,6,2,44,4,No
"ORTIZ, Theodore",Mid K (380),380,Early K,Emerging K,Mid K,Emerging Grade 1,37,55,03/07/26,94.7,10,0,33,2,No
"ANDERSON, Aiden",Mid Grade 1 (451),451,Late Grade 1,Mid Grade 1,Emerging Grade 1,Early Grade 1,33,46,03/28/26,88.4,7,1,43,3,No
"JACKSON, Jack",Early Grade 1 (438),438,Mid Grade 1,Emerging Grade 1,Early Grade 1,Late Grade 1,37,57,03/10/26,87.0,6,0,8,5,No
"MORALES, Charles",Grade 2 (495),495,Late Grade 1,Mid Grade 1,Late Grade 1,Grade 4,32,47,05/20/26,91.9,3,0,40,1,No
"GUTIERREZ, Mia",Emerging Grade 1 (420),420,Early Grade 1,Mid K,Mid K,Emerging Grade 1,27,43,01/20/26,93.9,10,5,39,4,Yes
"CARTER, Wyatt",Emerging K (298),298,Emerging K,Mid K,Early K,Early K,20,31,06/26/26,86.6,10,2,32,4,No
"EVANS, Victoria",Early K (323),323,Mid K,Early K,Emerging K,Early K,22,35,04/12/26,87.7,8,0,0,4,No
"ESTRADA, Christopher",Late Grade 1 (478),478,Grade 3,Late Grade 1,Late Grade 1,Late Grade 1,27,38,04/13/26,90.7,7,0,6,4,No
"DELGADO, Lincoln",Late K (384),384,Early Grade 1,Late K,Early Grade 1,Early Grade 1,28,47,04/19/26,88.2,10,0,49,4,No
"ROBERTS, Anthony",Grade 4 (536),536,Grade 2,Grade 4,Grade 2,Grade 5,40,52,06/23/26,94.9,9,3,33,4,Yes
"AGUILAR, Maya",Mid K (358),358,Late K,Mid K,Emerging K,Emerging Grade 1,25,45,03/12/26,90.6,14,0,47,4,No
"ALLEN, Sebastian",Grade 2 (488),488,Late Grade 1,Grade 2,Late Grade 1,Late Grade 1,26,38,05/12/26,94.2,9,3,43,5,Yes
"EVANS, Bella",Emerging K (319),319,Mid K,Emerging K,Early K,Early K,39,54,04/19/26,91.0,8,5,32,3,Yes
"PEREZ, Benjamin",Early Grade 1 (434),434,Mid Grade 1,Late Grade 1,Late K,Late Grade 1,31,48,06/25/26,95.3,16,2,29,3,No
"MARTINEZ, Sofia",Late Grade 1 (473),473,Grade 3,Early Grade 1,Late Grade 1,Late Grade 1,39,52,02/18/26,92.6,10,5,21,3,Yes
"LEE, Bella",Early K (344),344,Mid K,Late K,Mid K,Late K,25,34,05/22/26,89.4,12,0,15,4,No
"ROMERO, Grayson",Early K (330),330,Late K,Emerging K,Early K,Late K,35,44,06/17/26,86.6,10,1,16,4,No
"PEREZ, Josiah",Late K (386),386,Early K,Mid K,Late K,Emerging Grade 1,40,48,04/24/26,89.0,12,1,16,3,No
"MORALES, Jayden",Late K (400),400,Mid K,Early Grade 1,Early Grade 1,Early Grade 1,25,39,03/11/26,88.8,6,2,5,3,No
"LEWIS, Wyatt",Mid Grade 1 (445),445,Early Grade 1,Mid Grade 1,Late Grade 1,Grade 2,38,55,01/03/26,93.3,10,0,18,4,No
"THOMAS, Caroline",Mid K (370),370,Mid K,Emerging Grade 1,Emerging Grade 1,Late K,33,43,02/28/26,94.6,10,1,47,4,No
"ALVAREZ, Lucas",Early K (327),327,Emerging K,Emerging K,Late K,Emerging K,20,37,05/25/26,90.6,10,1,5,4,No
"HERRERA, Hazel",Mid K (379),379,Mid K,Late K,Early K,Early K,36,46,01/02/26,86.7,5,0,30,4,No
"VARGAS, Lucy",Early Grade 1 (425),425,Late Grade 1,Emerging Grade 1,Late Grade 1,Late Grade 1,34,52,05/21/26,89.9,7,0,34,3,No
"WHITE, Mia",Mid K (369),369,Mid K,Early K,Mid K,Emerging K,20,29,03/10/26,89.4,10,4,48,4,Yes
"THOMPSON, Sofia",Grade 2 (500),500,Late Grade 1,Mid Grade 1,Grade 4,Grade 2,26,44,05/14/26,92.0,9,1,24,5,No
"AGUILAR, Owen",Emerging K (260),260,Emerging K,Mid K,Mid K,Mid K,41,54,03/21/26,88.4,5,0,4,3,No
"REYES, Aubrey",Mid Grade 1 (460),460,Late Grade 1,Mid Grade 1,Grade 2,Late Grade 1,26,41,01/05/26,95.7,9,0,6,3,No
"WHITE, Benjamin",Late Grade 1 (468),468,Early Grade 1,Mid Grade 1,Early Grade 1,Grade 2,26,41,04/10/26,93.6,4,0,44,5,No
"FLORES, Carter",Grade 3 (505),505,Late Grade 1,Grade 3,Grade 4,Late Grade 1,37,57,02/07/26,95.8,6,0,0,2,No
"MENDOZA, Maverick",Late K (395),395,Mid K,Early K,Mid K,Emerging Grade 1,43,51,05/22/26,93.8,9,2,19,5,No
"GONZALEZ, Alexander",Grade 2 (498),498,Grade 4,Mid Grade 1,Grade 2,Grade 3,40,54,02/12/26,98.0,4,0,7,3,No
"JOHNSON, Aurora",Emerging K (303),303,Early K,Mid K,Emerging K,Early K,45,57,01/02/26,84.6,8,2,9,3,Yes
"MENDOZA, Mia",Early K (326),326,Mid K,Emerging K,Emerging K,Mid K,40,49,06/18/26,89.6,9,0,35,5,No
"JONES, Christian",Grade 3 (515),515,Grade 2,Late Grade 1,Grade 4,Grade 3,43,52,03/02/26,90.8,7,0,44,4,No
"JIMENEZ, Josiah",Early Grade 1 (431),431,Mid Grade 1,Early Grade 1,Late Grade 1,Late Grade 1,25,32,05/05/26,86.3,10,1,29,1,No
"KING, Genesis",Late K (386),386,Early K,Early Grade 1,Late K,Early Grade 1,27,42,06/03/26,88.4,6,0,33,4,No
"NELSON, Maverick",Early K (339),339,Mid K,Late K,Mid K,Emerging K,23,30,01/27/26,90.9,9,0,6,4,No
"LOPEZ, Elijah",Early Grade 1 (433),433,Mid Grade 1,Late Grade 1,Late Grade 1,Late Grade 1,28,34,03/08/26,90.7,8,4,13,4,Yes
"LEWIS, Lucas",Grade 3 (502),502,Grade 3,Grade 5,Grade 4,Grade 3,45,51,05/09/26,89.2,6,1,4,5,No
"GOMEZ, Jaxon",Emerging K (159),159,Mid K,Early K,Emerging K,Emerging K,36,48,05/21/26,92.2,9,1,47,2,No
"CAMPBELL, Genesis",Late K (395),395,Emerging Grade 1,Early K,Mid K,Mid K,37,54,05/11/26,88.4,6,1,22,5,No
"JACKSON, Camila",Grade 2 (494),494,Grade 2,Grade 4,Late Grade 1,Grade 4,37,48,04/25/26,88.7,6,0,28,4,No
"GARCIA, Isaac",Late Grade 1 (470),470,Grade 3,Early Grade 1,Grade 3,Mid Grade 1,29,34,03/08/26,93.4,10,2,44,5,No
"CAMPBELL, Paisley",Grade 5 (545),545,Grade 3,Grade 3,Grade 6,Grade 5,24,33,03/12/26,96.9,5,0,19,2,No
"RAMIREZ, Ellie",Grade 5 (543),543,Grade 5,Grade 6,Grade 4,Grade 6,42,50,05/21/26,93.7,11,0,5,5,No
"WILLIAMS, Maverick",Late K (394),394,Emerging Grade 1,Early K,Mid K,Early Grade 1,20,37,01/10/26,87.8,9,1,20,4,No
"CHAVEZ, Owen",Emerging K (287),287,Early K,Early K,Mid K,Mid K,36,43,02/14/26,87.9,14,0,5,4,No
"PEREZ, Naomi",Early Grade 1 (429),429,Late K,Mid Grade 1,Late Grade 1,Mid Grade 1,44,53,02/16/26,88.4,7,1,12,4,No
"GREEN, Adrian",Mid K (358),358,Mid K,Late K,Mid K,Emerging Grade 1,22,30,06/14/26,87.3,11,0,38,4,No
"HERRERA, Maverick",Early K (343),343,Late K,Early K,Late K,Emerging K,27,38,06/12/26,91.9,14,0,47,1,No
"GUTIERREZ, Nova",Grade 4 (530),530,Grade 2,Grade 4,Grade 2,Grade 4,34,54,01/11/26,95.5,10,0,33,4,No
"WALKER, Christopher",Mid Grade 1 (445),445,Emerging Grade 1,Late Grade 1,Grade 2,Grade 2,21,34,02/02/26,91.1,13,1,3,4,No
"RAMIREZ, Sofia",Late K (389),389,Late K,Early K,Early K,Late K,40,57,02/13/26,85.7,9,3,31,5,Yes
"RIVERA, Asher",Early K (353),353,Late K,Emerging K,Emerging K,Early K,36,50,03/16/26,87.8,11,0,22,3,No
"GUERRERO, John",Grade 8 (617),617,Grade 7,Grade 6,Grade 8,Grade 7,32,37,05/09/26,97.4,8,0,8,2,No
"SCOTT, Grayson",Grade 6 (580),580,Grade 5,Grade 7,Grade 5,Grade 8,24,42,03/20/26,94.0,9,0,8,4,No
"ROMERO, Samantha",Grade 4 (530),530,Grade 6,Grade 3,Grade 5,Grade 3,40,50,03/03/26,87.8,4,0,20,5,No
"HERNANDEZ, Logan",Grade 2 (494),494,Grade 3,Grade 2,Grade 3,Grade 2,24,35,01/05/26,95.4,12,0,17,4,No
"SALAZAR, Joshua",Mid Grade 1 (448),448,Emerging Grade 1,Mid Grade 1,Emerging Grade 1,Late Grade 1,24,44,06/21/26,88.1,12,1,8,2,No
"LOPEZ, Owen",Late K (381),381,Late K,Emerging Grade 1,Mid K,Mid K,44,55,01/06/26,98.2,6,3,31,4,Yes
"MENDOZA, Anthony",Emerging Grade 1 (402),402,Mid Grade 1,Early Grade 1,Emerging Grade 1,Early Grade 1,39,45,05/04/26,85.6,11,0,15,4,No
"GONZALEZ, Isaac",Early Grade 1 (437),437,Late K,Emerging Grade 1,Early Grade 1,Mid Grade 1,32,46,03/15/26,92.9,11,4,44,4,Yes
"LEWIS, Logan",Grade 3 (515),515,Late Grade 1,Grade 5,Late Grade 1,Grade 2,44,53,04/14/26,93.7,8,0,45,5,No
"RIVERA, Anthony",Mid K (378),378,Early K,Emerging K,Emerging K,Emerging K,42,61,06/12/26,93.8,12,2,32,4,No
"ANDERSON, Alexander",Early Grade 1 (422),422,Emerging Grade 1,Early Grade 1,Late Grade 1,Emerging Grade 1,25,34,02/25/26,90.9,6,0,49,5,No
"JIMENEZ, Wyatt",Emerging K (133),133,Emerging K,Emerging K,Mid K,Early K,20,39,04/28/26,83.2,11,1,31,3,Yes
"ROBINSON, Anna",Emerging Grade 1 (415),415,Mid K,Mid Grade 1,Mid Grade 1,Mid K,27,40,05/21/26,85.8,7,0,9,1,No
"LOPEZ, Julian",Early K (323),323,Mid K,Mid K,Emerging K,Emerging K,23,41,02/06/26,87.3,7,2,38,4,No
"CASTILLO, Paisley",Grade 7 (599),599,Grade 7,Grade 5,Grade 5,Grade 7,30,46,04/27/26,99.3,7,0,18,4,No
"CONTRERAS, Harper",Mid K (369),369,Emerging Grade 1,Early K,Early K,Emerging Grade 1,21,29,05/24/26,93.5,9,0,46,4,No
"ESTRADA, Ryan",Emerging Grade 1 (411),411,Emerging Grade 1,Mid Grade 1,Mid Grade 1,Mid Grade 1,31,40,05/19/26,86.2,9,1,11,5,No
"GARCIA, Sebastian",Early K (350),350,Emerging K,Early K,Late K,Late K,21,36,03/18/26,89.9,8,1,44,3,No
"HERRERA, Ethan",Mid K (373),373,Mid K,Emerging K,Emerging K,Mid K,30,47,06/19/26,89.3,9,0,21,5,No
"WALKER, Caleb",Grade 5 (542),542,Grade 4,Grade 6,Grade 4,Grade 6,37,52,04/26/26,97.9,0,0,33,3,No
"SMITH, Nathan",Early Grade 1 (421),421,Emerging Grade 1,Late Grade 1,Early Grade 1,Early Grade 1,22,31,03/27/26,100.0,10,1,10,4,No
"REYES, Thomas",Grade 4 (530),530,Grade 4,Grade 2,Grade 4,Grade 5,22,42,02/12/26,87.6,9,0,19,3,No
"LOPEZ, Camila",Grade 2 (483),483,Grade 3,Grade 4,Mid Grade 1,Grade 3,36,45,02/11/26,97.7,5,0,49,3,No
"GOMEZ, Maverick",Grade 3 (517),517,Grade 2,Grade 2,Late Grade 1,Grade 4,32,40,01/10/26,98.2,5,0,5,3,No
"DIAZ, Olivia",Early Grade 1 (430),430,Late K,Late Grade 1,Early Grade 1,Emerging Grade 1,30,41,02/10/26,91.2,11,1,7,3,No
"CONTRERAS, Alexander",Emerging K (259),259,Mid K,Mid K,Emerging K,Emerging K,37,53,05/11/26,87.7,18,2,36,3,No
"HERRERA, Isabella",Mid Grade 1 (451),451,Grade 2,Late Grade 1,Emerging Grade 1,Early Grade 1,20,40,06/02/26,93.0,9,1,11,4,No
"HARRIS, Anna",Mid Grade 1 (450),450,Mid Grade 1,Early Grade 1,Grade 2,Emerging Grade 1,44,63,05/05/26,96.7,11,2,6,4,No
"LEWIS, Samantha",Emerging Grade 1 (408),408,Late K,Mid Grade 1,Emerging Grade 1,Emerging Grade 1,32,42,06/22/26,88.1,14,0,31,1,No
"REYES, Dylan",Late K (395),395,Mid K,Late K,Late K,Early Grade 1,38,47,05/04/26,86.5,12,0,35,4,No
"BAKER, John",Emerging Grade 1 (419),419,Early Grade 1,Late K,Mid Grade 1,Late K,37,47,04/13/26,92.9,10,2,27,5,No
"RAMIREZ, Aurora",Grade 2 (498),498,Late Grade 1,Late Grade 1,Mid Grade 1,Grade 4,35,43,05/20/26,89.7,8,1,11,3,No
"DIAZ, Thomas",Late Grade 1 (480),480,Grade 2,Late Grade 1,Grade 2,Early Grade 1,22,33,02/19/26,96.3,5,0,9,4,No
"BAKER, Savannah",Mid K (375),375,Emerging Grade 1,Late K,Early K,Early K,41,56,03/19/26,91.0,5,4,27,4,Yes
"RIVERA, Julian",Early Grade 1 (440),440,Late Grade 1,Mid Grade 1,Emerging Grade 1,Early Grade 1,21,37,05/02/26,95.4,9,5,7,5,Yes
"GUERRERO, Emma",Emerging Grade 1 (419),419,Early Grade 1,Emerging Grade 1,Early Grade 1,Early Grade 1,32,50,05/07/26,89.2,6,0,24,5,No
"MARTIN, Luke",Early K (329),329,Early K,Emerging K,Emerging K,Emerging K,24,44,06/14/26,90.8,10,0,26,5,No
"PHILLIPS, Maya",Grade 5 (560),560,Grade 4,Grade 6,Grade 7,Grade 6,37,56,04/12/26,95.7,9,0,31,5,No
"KING, Samuel",Mid K (373),373,Emerging Grade 1,Mid K,Emerging K,Emerging K,38,58,06/12/26,92.4,12,2,9,4,No
"CONTRERAS, Skylar",Emerging Grade 1 (403),403,Mid Grade 1,Mid Grade 1,Mid K,Late K,35,42,06/21/26,87.2,8,1,21,4,No
"ROBINSON, Sofia",Emerging Grade 1 (416),416,Mid Grade 1,Emerging Grade 1,Early Grade 1,Emerging Grade 1,45,59,03/06/26,97.6,10,2,46,5,No
"SANCHEZ, Aria",Mid Grade 1 (459),459,Early Grade 1,Grade 2,Emerging Grade 1,Mid Grade 1,45,50,03/16/26,95.3,10,3,17,3,Yes
"CONTRERAS, Joshua",Mid K (364),364,Emerging K,Emerging K,Emerging Grade 1,Early K,38,47,06/15/26,88.5,11,2,15,4,No
"LOPEZ, Skylar",Late K (383),383,Mid K,Early Grade 1,Mid K,Emerging Grade 1,44,62,04/08/26,87.8,5,0,36,4,No
"PEREZ, Julian",Mid Grade 1 (444),444,Emerging Grade 1,Early Grade 1,Late Grade 1,Late Grade 1,35,49,04/24/26,98.6,6,0,43,4,No
"AGUILAR, Dylan",Early K (348),348,Emerging K,Mid K,Late K,Late K,41,56,05/22/26,90.5,10,1,22,5,No
"EVANS, Aurora",Grade 5 (549),549,Grade 5,Grade 5,Grade 5,Grade 3,28,45,04/25/26,94.2,4,1,49,3,No
"NELSON, David",Emerging K (102),102,Emerging K,Emerging K,Early K,Emerging K,36,44,06/15/26,85.7,14,0,2,1,No
"SANCHEZ, Mia",Grade 5 (547),547,Grade 7,Grade 3,Grade 3,Grade 3,39,48,04/22/26,95.6,2,1,11,5,No
"JIMENEZ, Maya",Mid K (370),370,Emerging K,Late K,Mid K,Late K,42,57,03/06/26,90.3,7,0,24,3,No
"AGUILAR, Ava",Grade 6 (569),569,Grade 5,Grade 7,Grade 4,Grade 7,26,43,02/21/26,94.1,6,1,13,4,No
"WHITE, Amelia",Late Grade 1 (464),464,Early Grade 1,Early Grade 1,Early Grade 1,Grade 3,43,56,04/01/26,94.2,7,1,2,4,No
"CHAVEZ, Joseph",Late Grade 1 (473),473,Grade 3,Early Grade 1,Grade 3,Grade 2,35,53,04/28/26,92.0,2,0,14,1,No
"WALKER, Isaiah",Early K (355),355,Mid K,Mid K,Mid K,Late K,21,28,03/18/26,90.9,8,3,48,4,Yes
"ROMERO, Hudson",Early K (323),323,Late K,Early K,Mid K,Late K,23,39,04/03/26,91.6,8,0,2,3,No
"ROBERTS, Nathan",Mid K (368),368,Emerging K,Emerging Grade 1,Mid K,Late K,37,56,01/02/26,88.4,12,2,25,2,No
"SCOTT, Emilia",Emerging Grade 1 (418),418,Late K,Mid Grade 1,Late K,Mid K,21,30,04/21/26,97.5,10,1,15,4,No
"MARTINEZ, Benjamin",Early K (324),324,Mid K,Emerging K,Late K,Early K,38,45,01/04/26,83.8,10,0,12,3,Yes
"MOORE, Adrian",Mid K (377),377,Emerging Grade 1,Emerging Grade 1,Early K,Mid K,45,56,01/19/26,90.3,11,0,48,3,No
"WILSON, Maya",Early Grade 1 (435),435,Emerging Grade 1,Late Grade 1,Late K,Emerging Grade 1,23,40,02/01/26,92.5,8,0,5,4,No
"ESTRADA, Anna",Late K (396),396,Mid K,Mid K,Mid K,Late K,36,55,04/08/26,94.2,8,0,11,4,No
"RIVERA, Joshua",Mid Grade 1 (450),450,Mid Grade 1,Late Grade 1,Emerging Grade 1,Grade 2,27,38,01/17/26,96.3,8,3,34,4,Yes
"ALVAREZ, Audrey",Mid K (362),362,Emerging K,Early K,Late K,Late K,25,35,06/02/26,92.5,11,0,16,3,No
"CLARK, Aaliyah",Emerging K (289),289,Emerging K,Mid K,Emerging K,Emerging K,45,50,04/17/26,93.4,15,2,37,4,No
"ROMERO, Violet",Grade 2 (491),491,Late Grade 1,Mid Grade 1,Grade 2,Late Grade 1,23,35,06/14/26,95.4,5,0,30,4,No
"THOMPSON, Mateo",Early K (350),350,Early K,Late K,Mid K,Early K,34,45,06/12/26,91.2,10,0,44,4,No
"ORTIZ, Lily",Emerging K (219),219,Early K,Early K,Emerging K,Early K,27,41,05/06/26,89.7,6,1,10,4,No
"SALAZAR, Christopher",Emerging K (319),319,Mid K,Early K,Emerging K,Mid K,35,54,03/01/26,88.0,6,0,20,3,No
"CAMPBELL, Abigail",Grade 4 (534),534,Grade 2,Grade 2,Grade 5,Grade 6,21,39,05/13/26,89.3,7,1,28,4,No
"HILL, Lucas",Grade 2 (494),494,Late Grade 1,Late Grade 1,Grade 2,Grade 2,27,34,01/16/26,92.5,6,0,36,4,No
"CLARK, Emma",Emerging Grade 1 (405),405,Early Grade 1,Late K,Emerging Grade 1,Early Grade 1,42,47,06/03/26,87.6,12,1,18,3,No
"EVANS, Joseph",Early Grade 1 (427),427,Late K,Late Grade 1,Early Grade 1,Late K,36,52,01/04/26,89.1,11,0,23,3,No
"RAMIREZ, Paisley",Early Grade 1 (427),427,Emerging Grade 1,Early Grade 1,Emerging Grade 1,Late Grade 1,23,43,06/25/26,85.0,5,0,47,4,No
"MILLER, Penelope",Grade 4 (537),537,Grade 5,Grade 4,Grade 2,Grade 2,31,47,04/16/26,89.0,7,0,34,4,No
"DELGADO, Asher",Emerging Grade 1 (412),412,Mid K,Late K,Early Grade 1,Mid K,22,39,02/10/26,92.2,9,0,7,4,No
"CHAVEZ, Bella",Grade 4 (537),537,Grade 2,Grade 4,Grade 5,Grade 6,24,44,03/14/26,90.5,8,0,4,1,No
"SCOTT, Victoria",Mid Grade 1 (454),454,Grade 2,Mid Grade 1,Mid Grade 1,Late Grade 1,38,57,04/10/26,86.4,6,0,50,3,No
"WILSON, Brooklyn",Grade 7 (582),582,Grade 6,Grade 7,Grade 7,Grade 8,25,35,06/18/26,94.6,13,1,44,5,No
"RAMOS, Abigail",Mid K (357),357,Mid K,Emerging Grade 1,Early K,Late K,28,44,02/07/26,89.1,9,0,22,2,No
"ADAMS, Savannah",Grade 7 (598),598,Grade 7,Grade 5,Grade 5,Grade 8,35,44,04/11/26,100.0,12,0,32,3,No
"DELGADO, Ryan",Emerging Grade 1 (410),410,Mid Grade 1,Late K,Mid Grade 1,Early Grade 1,30,38,06/16/26,92.3,8,1,19,1,No
"ROJAS, Nova",Emerging Grade 1 (403),403,Emerging Grade 1,Mid K,Mid Grade 1,Late K,38,50,03/07/26,94.7,10,1,42,5,No
"THOMAS, Claire",Early K (341),341,Emerging K,Mid K,Late K,Early K,42,60,03/13/26,87.5,12,0,28,5,No
"MUNOZ, Mia",Late Grade 1 (475),475,Grade 2,Grade 2,Late Grade 1,Mid Grade 1,45,63,06/14/26,95.4,11,0,13,3,No
"WILLIAMS, Skylar",Emerging K (251),251,Early K,Emerging K,Emerging K,Early K,40,53,04/06/26,84.2,9,2,8,3,Yes
"DELGADO, Grayson",Early Grade 1 (422),422,Early Grade 1,Late Grade 1,Early Grade 1,Mid Grade 1,37,56,02/01/26,92.0,7,0,40,5,No
"MORALES, Dylan",Mid Grade 1 (450),450,Late Grade 1,Early Grade 1,Late Grade 1,Early Grade 1,20,28,03/16/26,93.3,8,2,37,4,No
"AGUILAR, Aurora",Mid Grade 1 (456),456,Emerging Grade 1,Mid Grade 1,Grade 2,Grade 2,20,33,02/19/26,94.7,9,3,8,3,Yes
"VARGAS, Mateo",Late K (392),392,Early K,Late K,Late K,Early Grade 1,40,47,05/07/26,90.6,8,0,48,3,No
"SMITH, Penelope",Grade 3 (510),510,Grade 3,Grade 3,Late Grade 1,Grade 5,38,54,02/01/26,95.6,9,1,26,3,No
"DIAZ, Alexander",Early K (353),353,Early K,Early K,Emerging K,Late K,34,41,01/27/26,89.6,11,0,44,3,No
"CARTER, Gabriel",Early Grade 1 (431),431,Emerging Grade 1,Early Grade 1,Late K,Late K,27,36,06/05/26,90.6,6,0,5,3,No
"REYES, Aaliyah",Emerging K (298),298,Early K,Early K,Emerging K,Emerging K,23,29,06/17/26,85.8,9,3,2,2,Yes
"MARTINEZ, Kennedy",Grade 2 (484),484,Grade 4,Late Grade 1,Grade 4,Late Grade 1,25,41,01/03/26,96.4,11,0,37,3,No
"KING, Alexander",Grade 2 (500),500,Late Grade 1,Grade 4,Grade 4,Mid Grade 1,23,28,05/07/26,91.7,0,0,48,4,No
"GOMEZ, Nathan",Grade 5 (557),557,Grade 6,Grade 5,Grade 7,Grade 4,34,42,02/27/26,93.4,9,0,14,3,No
"SMITH, Aaliyah",Early K (328),328,Early K,Late K,Mid K,Mid K,37,43,01/11/26,86.2,10,1,47,3,No
"JACKSON, Christopher",Mid K (369),369,Early K,Emerging K,Late K,Mid K,25,30,06/16/26,88.4,7,1,43,2,No
"THOMAS, Logan",Late K (399),399,Early K,Mid K,Early K,Late K,26,41,02/20/26,92.1,7,0,27,4,No
"MITCHELL, Lily",Mid Grade 1 (453),453,Mid Grade 1,Late Grade 1,Grade 2,Late Grade 1,35,48,02/25/26,90.7,9,1,14,4,No
"HERNANDEZ, Evelyn",Emerging K (113),113,Emerging K,Early K,Mid K,Emerging K,25,42,05/22/26,87.4,13,1,48,2,No
"SCOTT, Christian",Grade 2 (495),495,Late Grade 1,Grade 2,Grade 3,Grade 3,36,49,05/11/26,94.8,4,0,48,1,No
"MORALES, Aurora",Late K (391),391,Emerging Grade 1,Emerging Grade 1,Emerging Grade 1,Early K,21,31,05/22/26,92.0,7,2,31,3,No
"TAYLOR, Zoey",Emerging Grade 1 (404),404,Mid Grade 1,Early Grade 1,Mid Grade 1,Mid Grade 1,38,58,04/18/26,93.2,6,0,31,4,No
"EVANS, Grayson",Late Grade 1 (470),470,Late Grade 1,Early Grade 1,Early Grade 1,Grade 3,21,30,03/12/26,94.3,4,2,40,3,No
"LEE, Elijah",Late K (392),392,Emerging Grade 1,Late K,Early K,Mid K,27,39,06/10/26,84.9,6,0,19,2,Yes
"RODRIGUEZ, Ella",Early Grade 1 (422),422,Mid Grade 1,Mid Grade 1,Late Grade 1,Late Grade 1,33,46,01/23/26,91.0,9,0,36,3,No
"GOMEZ, Everly",Grade 3 (504),504,Grade 2,Grade 3,Grade 4,Grade 5,45,60,02/20/26,91.6,15,0,40,5,No
"BAKER, Isabella",Early K (337),337,Emerging K,Mid K,Late K,Early K,39,46,06/28/26,85.7,8,0,36,5,No
"LEE, Dylan",Early K (325),325,Mid K,Mid K,Late K,Mid K,26,44,04/09/26,86.9,8,2,11,5,No
"SCOTT, Ezra",Grade 4 (539),539,Grade 5,Grade 3,Grade 5,Grade 4,40,58,05/24/26,92.1,4,0,9,3,No
"NUNEZ, Naomi",Grade 3 (514),514,Grade 3,Late Grade 1,Grade 2,Grade 4,28,42,06/06/26,93.8,11,0,7,2,No
"MENDOZA, Emma",Grade 2 (490),490,Grade 3,Grade 3,Grade 4,Grade 3,33,39,02/06/26,93.3,8,1,17,4,No
"GONZALEZ, Jackson",Grade 6 (576),576,Grade 4,Grade 4,Grade 4,Grade 6,39,53,01/14/26,99.4,3,2,25,5,No
"ORTIZ, Nathan",Mid K (374),374,Emerging Grade 1,Emerging K,Emerging Grade 1,Emerging Grade 1,44,57,04/03/26,89.9,11,2,21,5,No
"TAYLOR, Adrian",Grade 3 (508),508,Grade 4,Grade 2,Grade 2,Late Grade 1,25,36,03/15/26,89.0,10,0,34,3,No
"SMITH, James",Early Grade 1 (436),436,Emerging Grade 1,Early Grade 1,Emerging Grade 1,Early Grade 1,35,51,03/01/26,87.6,3,0,47,4,No
"GUERRERO, Mateo",Mid K (368),368,Mid K,Mid K,Emerging K,Emerging Grade 1,27,46,04/01/26,92.3,8,5,16,3,Yes
"GUERRERO, Christian",Mid K (361),361,Late K,Mid K,Late K,Emerging K,28,35,04/16/26,89.2,3,0,27,5,No
"RAMOS, Elijah",Late Grade 1 (477),477,Early Grade 1,Late Grade 1,Grade 2,Grade 3,43,58,04/23/26,93.8,8,1,40,3,No
"ORTIZ, Hudson",Emerging K (151),151,Mid K,Early K,Early K,Mid K,22,30,02/08/26,80.7,10,2,48,2,Yes
"JACKSON, Thomas",Grade 2 (491),491,Grade 3,Grade 3,Late Grade 1,Grade 2,25,40,03/07/26,95.9,9,0,24,5,No
"ROJAS, Everly",Emerging K (105),105,Mid K,Mid K,Mid K,Mid K,27,34,04/07/26,88.2,16,0,39,3,No
"CHAVEZ, Aria",Emerging K (194),194,Emerging K,Mid K,Emerging K,Emerging K,42,60,04/27/26,87.9,9,2,12,5,No
"ESTRADA, Joseph",Grade 2 (493),493,Late Grade 1,Grade 3,Late Grade 1,Grade 4,26,40,06/22/26,94.1,9,1,1,3,No
"GUERRERO, Aria",Mid Grade 1 (448),448,Mid Grade 1,Grade 2,Late Grade 1,Emerging Grade 1,20,40,02/28/26,90.2,12,2,45,3,No
"CARTER, Theodore",Mid K (359),359,Emerging Grade 1,Emerging K,Emerging K,Mid K,27,47,03/20/26,97.1,7,1,47,5,No
"MEDINA, Aiden",Emerging Grade 1 (413),413,Emerging Grade 1,Early Grade 1,Emerging Grade 1,Late K,37,43,05/06/26,90.8,13,4,29,2,Yes
"GREEN, David",Emerging Grade 1 (409),409,Mid K,Emerging Grade 1,Mid K,Late K,35,48,06/12/26,93.2,8,3,39,5,Yes
"SCOTT, Aria",Mid K (361),361,Mid K,Late K,Early K,Emerging Grade 1,41,60,01/07/26,91.1,12,0,16,2,No
"THOMPSON, Audrey",Emerging K (226),226,Emerging K,Early K,Early K,Mid K,37,57,04/16/26,92.2,14,0,22,2,No
"WRIGHT, Ella",Grade 3 (519),519,Grade 5,Grade 2,Grade 5,Late Grade 1,36,46,04/03/26,94.1,11,0,21,1,No
"MORALES, Samantha",Late K (399),399,Early K,Late K,Mid K,Early K,22,41,06/22/26,86.2,10,0,42,1,No
"TURNER, Olivia",Grade 6 (571),571,Grade 8,Grade 5,Grade 5,Grade 4,45,59,03/26/26,96.9,6,3,24,2,Yes
"CASTILLO, Henry",Mid K (380),380,Late K,Emerging K,Emerging K,Early K,25,42,04/10/26,85.3,4,0,19,4,No
"HERRERA, Aurora",Grade 4 (540),540,Grade 3,Grade 4,Grade 2,Grade 4,36,47,04/15/26,97.2,4,0,27,2,No
"WILSON, Theodore",Mid Grade 1 (454),454,Late Grade 1,Emerging Grade 1,Emerging Grade 1,Grade 2,30,49,06/08/26,89.4,4,4,33,4,Yes
"FLORES, Skylar",Mid K (369),369,Emerging K,Late K,Mid K,Early K,24,38,02/17/26,86.3,12,1,2,4,No
"LEE, Claire",Late K (395),395,Early Grade 1,Late K,Late K,Late K,38,45,05/01/26,93.7,12,0,11,5,No
"FLORES, Olivia",Late K (390),390,Late K,Early Grade 1,Emerging Grade 1,Emerging Grade 1,39,52,03/28/26,91.2,7,0,38,3,No
"DIAZ, Caleb",Emerging Grade 1 (401),401,Mid K,Early Grade 1,Mid K,Mid K,25,45,04/23/26,87.4,11,2,46,4,No
"EVANS, Nova",Late K (393),393,Late K,Early K,Mid K,Mid K,20,31,01/27/26,98.3,10,3,13,4,Yes
"GUERRERO, Logan",Emerging Grade 1 (418),418,Late K,Mid K,Emerging Grade 1,Early Grade 1,24,44,04/01/26,95.8,13,2,28,5,No
"RODRIGUEZ, Dylan",Grade 4 (539),539,Grade 3,Grade 3,Grade 4,Grade 6,32,38,03/01/26,99.3,10,0,26,5,No
"MITCHELL, Adrian",Mid Grade 1 (458),458,Mid Grade 1,Emerging Grade 1,Late Grade 1,Late Grade 1,35,55,02/23/26,92.7,8,1,35,2,No
"MARTIN, Hudson",Grade 4 (524),524,Grade 5,Grade 6,Grade 4,Grade 5,42,60,01/06/26,94.1,9,0,14,4,No
"BROWN, Anna",Grade 5 (555),555,Grade 4,Grade 5,Grade 6,Grade 6,41,57,04/26/26,97.0,6,0,44,4,No
"WALKER, Kennedy",Early K (333),333,Early K,Late K,Emerging K,Late K,35,49,02/07/26,78.5,6,0,16,3,Yes
"CASTILLO, Alexander",Grade 3 (517),517,Late Grade 1,Late Grade 1,Grade 3,Grade 4,23,35,01/18/26,94.4,9,0,22,4,No
"HILL, Maverick",Mid K (360),360,Emerging Grade 1,Emerging Grade 1,Emerging K,Emerging K,34,53,01/04/26,90.6,6,3,6,5,Yes
"KING, Olivia",Emerging K (261),261,Emerging K,Emerging K,Early K,Emerging K,43,57,06/15/26,88.9,7,3,9,4,Yes
"ORTIZ, Carter",Early K (333),333,Late K,Late K,Emerging K,Early K,45,65,03/10/26,87.9,10,0,48,3,No
"MENDOZA, Ezra",Early K (354),354,Late K,Early K,Early K,Late K,33,51,04/28/26,84.7,10,4,28,2,Yes
"SCOTT, Sofia",Grade 6 (563),563,Grade 6,Grade 6,Grade 7,Grade 5,33,39,04/25/26,100.0,7,0,36,2,No
"MARTIN, Aubrey",Late K (398),398,Late K,Late K,Late K,Early K,28,37,06/13/26,88.5,10,1,50,4,No
"JONES, Gabriel",Grade 4 (533),533,Grade 3,Grade 4,Grade 2,Grade 2,37,52,04/24/26,93.4,1,0,34,3,No
"WRIGHT, Mia",Early Grade 1 (437),437,Early Grade 1,Emerging Grade 1,Late K,Late K,45,58,02/27/26,92.3,4,5,7,4,Yes
"AGUILAR, Camila",Mid Grade 1 (452),452,Emerging Grade 1,Emerging Grade 1,Emerging Grade 1,Late Grade 1,29,34,04/11/26,97.6,8,5,36,4,Yes
"BAKER, Ezra",Grade 3 (508),508,Grade 3,Grade 3,Grade 3,Grade 5,41,50,06/13/26,91.8,7,0,37,3,No
"GOMEZ, Anthony",Early K (348),348,Late K,Emerging K,Emerging K,Emerging K,33,42,04/07/26,86.5,11,1,37,4,No
"THOMAS, Elena",Grade 4 (539),539,Grade 5,Grade 5,Grade 5,Grade 5,43,61,02/05/26,91.1,6,0,45,4,No
"MORALES, Skylar",Late Grade 1 (475),475,Grade 2,Early Grade 1,Mid Grade 1,Grade 3,31,39,05/28/26,91.5,9,1,2,4,No
"WILSON, Zoey",Mid K (371),371,Emerging K,Early K,Early K,Emerging Grade 1,33,39,03/10/26,91.0,15,1,7,4,No
"GONZALEZ, Ethan",Late K (399),399,Late K,Early Grade 1,Emerging Grade 1,Late K,45,62,04/27/26,89.6,5,2,32,4,No
"HARRIS, Aaliyah",Late Grade 1 (465),465,Late Grade 1,Early Grade 1,Grade 3,Grade 3,33,50,02/13/26,92.3,9,2,28,4,No
"RIVERA, Hudson",Grade 4 (521),521,Grade 6,Grade 4,Grade 6,Grade 2,40,47,02/20/26,89.7,5,3,33,3,Yes
"KING, Dylan",Grade 4 (524),524,Grade 6,Grade 3,Grade 2,Grade 4,45,56,02/27/26,92.9,1,0,34,4,No
"ROBERTS, Ellie",Emerging K (320),320,Emerging K,Early K,Early K,Emerging K,33,38,05/11/26,87.6,11,5,34,3,Yes
"JIMENEZ, Logan",Mid K (358),358,Early K,Mid K,Late K,Early K,21,36,02/01/26,89.2,7,0,9,3,No
"AGUILAR, Penelope",Late K (384),384,Early K,Mid K,Mid K,Early Grade 1,38,50,04/17/26,90.4,6,0,3,3,No
"WALKER, Ethan",Emerging K (262),262,Emerging K,Emerging K,Early K,Mid K,38,46,02/25/26,83.6,9,0,26,4,Yes
"GUTIERREZ, Jack",Late K (386),386,Mid K,Early Grade 1,Emerging Grade 1,Early Grade 1,34,40,01/27/26,84.9,11,0,10,1,Yes
"VARGAS, Brooklyn",Mid Grade 1 (453),453,Mid Grade 1,Early Grade 1,Grade 2,Grade 2,29,35,02/24/26,91.1,8,0,44,2,No
"HILL, Evelyn",Grade 8 (614),614,Grade 6,Grade 8,Grade 8,Grade 7,41,56,06/09/26,100.0,4,0,42,5,No
"ALVAREZ, Layla",Emerging Grade 1 (420),420,Emerging Grade 1,Mid K,Late K,Mid K,39,59,01/01/26,89.6,6,3,45,4,Yes
"BAKER, Isaac",Emerging K (266),266,Mid K,Emerging K,Mid K,Emerging K,41,60,06/04/26,85.3,15,2,22,3,No
"MARTINEZ, Maverick",Early K (344),344,Early K,Late K,Emerging K,Early K,43,48,03/22/26,91.7,9,0,39,4,No
"ROJAS, Willow",Mid K (371),371,Mid K,Emerging K,Mid K,Late K,42,53,01/07/26,94.1,9,0,17,4,No
"VASQUEZ, Bella",Early Grade 1 (439),439,Late Grade 1,Late Grade 1,Emerging Grade 1,Late K,38,47,06/03/26,96.5,14,3,33,4,Yes
"MORENO, Lily",Grade 3 (501),501,Grade 5,Grade 5,Grade 3,Grade 5,34,39,04/21/26,92.0,3,2,20,3,No
"CONTRERAS, Jayden",Early K (354),354,Late K,Late K,Mid K,Emerging K,43,55,01/09/26,92.4,8,0,25,3,No
"CAMPBELL, Lucas",Grade 3 (508),508,Grade 4,Late Grade 1,Grade 2,Grade 2,25,40,03/03/26,93.0,6,0,1,4,No
"MENDOZA, Henry",Emerging K (161),161,Early K,Emerging K,Early K,Mid K,45,57,01/25/26,86.0,9,0,28,4,No
"SANCHEZ, Lucas",Grade 5 (553),553,Grade 5,Grade 3,Grade 4,Grade 3,45,64,01/10/26,92.8,4,0,3,4,No
"ANDERSON, Aubrey",Late K (400),400,Emerging Grade 1,Mid K,Early Grade 1,Early Grade 1,20,39,04/15/26,92.1,3,1,21,4,No
"HERNANDEZ, Caleb",Emerging Grade 1 (411),411,Mid Grade 1,Late K,Mid K,Mid K,20,27,05/26/26,94.5,4,0,32,3,No
"WALKER, Violet",Late Grade 1 (475),475,Mid Grade 1,Mid Grade 1,Mid Grade 1,Early Grade 1,21,30,03/19/26,85.8,11,2,19,4,No
"GUTIERREZ, Lucy",Early K (340),340,Mid K,Mid K,Mid K,Emerging K,36,45,01/08/26,83.5,10,3,27,3,Yes
"ROMERO, Grace",Grade 2 (491),491,Late Grade 1,Grade 3,Grade 3,Grade 4,42,57,05/19/26,97.4,6,0,10,2,No
"ALLEN, Olivia",Early K (321),321,Early K,Early K,Late K,Early K,27,47,06/25/26,91.8,9,2,13,3,No
"DAVIS, Aiden",Emerging K (191),191,Emerging K,Mid K,Emerging K,Emerging K,29,48,02/21/26,84.2,8,0,1,3,Yes
"CASTILLO, Wyatt",Early K (337),337,Early K,Mid K,Early K,Early K,26,31,02/27/26,89.1,12,2,8,3,No
"BROWN, James",Grade 5 (550),550,Grade 6,Grade 4,Grade 5,Grade 5,41,51,05/26/26,100.0,6,2,4,2,No
"MORENO, Benjamin",Early K (345),345,Mid K,Mid K,Late K,Early K,21,32,05/10/26,89.9,8,0,50,3,No
"WRIGHT, Benjamin",Grade 7 (596),596,Grade 6,Grade 5,Grade 8,Grade 5,25,42,06/25/26,92.9,5,0,20,4,No
"WALKER, Skylar",Late Grade 1 (476),476,Grade 2,Late Grade 1,Grade 3,Grade 2,40,46,02/08/26,95.4,6,0,13,3,No
"CAMPBELL, Grayson",Early K (344),344,Mid K,Emerging K,Early K,Emerging K,29,48,05/12/26,89.3,11,1,21,3,No
"WILSON, Jayden",Grade 3 (511),511,Grade 3,Grade 4,Late Grade 1,Grade 2,34,46,03/21/26,99.7,10,0,32,4,No
"FLORES, Hudson",Grade 2 (488),488,Mid Grade 1,Mid Grade 1,Mid Grade 1,Grade 2,21,32,03/07/26,92.4,5,1,49,4,No
"PHILLIPS, Ryan",Grade 8 (618),618,Grade 7,Grade 6,Grade 7,Grade 7,31,48,04/27/26,93.2,3,0,32,5,No
"THOMAS, Abigail",Mid K (379),379,Early K,Late K,Early K,Emerging Grade 1,38,57,06/27/26,84.6,11,0,12,3,Yes
"MARTIN, Maya",Early K (349),349,Emerging K,Mid K,Early K,Early K,29,34,04/26/26,87.7,8,0,27,4,No
"BAKER, Ellie",Mid K (374),374,Emerging K,Emerging Grade 1,Emerging K,Early K,24,39,05/21/26,91.8,3,1,25,5,No
"THOMAS, Jack",Emerging K (198),198,Emerging K,Early K,Emerging K,Early K,38,57,06/10/26,89.8,11,1,2,5,No
"YOUNG, Caroline",Emerging K (150),150,Emerging K,Early K,Early K,Emerging K,27,41,06/17/26,89.5,11,1,10,3,No
"THOMAS, Jayden",Early K (328),328,Early K,Late K,Late K,Emerging K,32,43,02/28/26,90.1,13,2,30,2,No
"HERRERA, Everly",Early Grade 1 (437),437,Mid Grade 1,Early Grade 1,Emerging Grade 1,Late K,24,43,01/27/26,87.2,12,1,36,5,No
"LEWIS, Anthony",Early Grade 1 (423),423,Early Grade 1,Mid Grade 1,Early Grade 1,Early Grade 1,32,42,04/08/26,93.4,12,1,24,5,No
"RAMIREZ, Scarlett",Emerging K (278),278,Emerging K,Emerging K,Emerging K,Early K,40,54,06/03/26,87.1,6,0,31,3,No
"NELSON, Aaliyah",Early K (344),344,Emerging K,Emerging K,Mid K,Late K,34,44,03/07/26,85.9,10,0,44,4,No
"ANDERSON, Audrey",Late K (393),393,Mid K,Emerging Grade 1,Early K,Early K,28,36,06/05/26,88.1,14,1,4,2,No
"MENDOZA, Charles",Late Grade 1 (475),475,Mid Grade 1,Grade 2,Late Grade 1,Mid Grade 1,25,30,05/04/26,93.5,9,2,10,2,No
"MARTINEZ, Aaliyah",Late Grade 1 (465),465,Grade 2,Late Grade 1,Mid Grade 1,Mid Grade 1,42,48,06/18/26,93.8,12,3,33,4,Yes
"DIAZ, Willow",Late K (390),390,Emerging Grade 1,Early K,Early Grade 1,Early K,21,38,02/08/26,88.8,11,0,26,1,No
"BROWN, Sofia",Grade 3 (503),503,Grade 2,Late Grade 1,Grade 2,Grade 2,21,39,05/04/26,95.1,5,0,39,3,No
"THOMAS, Lucy",Grade 5 (544),544,Grade 4,Grade 4,Grade 3,Grade 5,30,40,01/13/26,94.9,6,0,14,2,No
"TURNER, Lily",Late K (383),383,Mid K,Emerging Grade 1,Late K,Early Grade 1,35,43,06/18/26,92.1,3,1,16,5,No
"JOHNSON, Thomas",Grade 7 (593),593,Grade 6,Grade 7,Grade 6,Grade 7,41,61,01/11/26,100.0,6,0,32,4,No
"KING, Victoria",Early Grade 1 (421),421,Emerging Grade 1,Late K,Late Grade 1,Late K,29,41,06/14/26,91.8,4,0,23,4,No
"CHAVEZ, Grace",Late K (382),382,Mid K,Early Grade 1,Emerging Grade 1,Late K,24,37,03/21/26,90.6,9,2,26,4,No
"WILLIAMS, Victoria",Late K (387),387,Early Grade 1,Early K,Mid K,Mid K,39,56,05/11/26,92.1,13,0,31,2,No
"GUTIERREZ, Genesis",Grade 5 (545),545,Grade 3,Grade 4,Grade 7,Grade 7,45,56,02/17/26,99.5,8,0,46,3,No
"CASTILLO, Theodore",Mid Grade 1 (450),450,Mid Grade 1,Grade 2,Late Grade 1,Early Grade 1,28,48,01/12/26,90.7,9,1,32,4,No
"CHAVEZ, Aurora",Grade 3 (516),516,Late Grade 1,Grade 4,Grade 4,Late Grade 1,44,58,05/18/26,96.8,11,0,29,3,No
"ANDERSON, Wyatt",Early Grade 1 (436),436,Late K,Early Grade 1,Emerging Grade 1,Mid Grade 1,26,35,02/01/26,95.1,9,2,31,3,No
"THOMAS, Violet",Grade 7 (592),592,Grade 8,Grade 8,Grade 7,Grade 5,33,39,01/13/26,98.0,5,1,16,4,No
"YOUNG, Claire",Mid Grade 1 (452),452,Emerging Grade 1,Late Grade 1,Late Grade 1,Early Grade 1,27,47,01/27/26,89.2,12,0,42,4,No
"PHILLIPS, Aria",Emerging Grade 1 (405),405,Emerging Grade 1,Late K,Mid Grade 1,Mid Grade 1,41,51,01/04/26,91.6,5,4,25,4,Yes
"SCOTT, Lucas",Grade 5 (554),554,Grade 4,Grade 6,Grade 5,Grade 5,36,53,05/10/26,94.7,1,3,5,2,Yes
"JONES, Everly",Grade 3 (509),509,Grade 2,Grade 4,Grade 3,Late Grade 1,25,45,01/04/26,98.2,9,0,41,3,No
"VASQUEZ, Aurora",Early K (332),332,Early K,Early K,Late K,Early K,36,44,04/19/26,90.0,8,0,11,5,No
"AGUILAR, Sebastian",Grade 7 (594),594,Grade 8,Grade 5,Grade 6,Grade 5,29,36,04/04/26,95.9,8,0,30,4,No
"GOMEZ, Aaliyah",Emerging K (168),168,Emerging K,Mid K,Mid K,Emerging K,23,34,05/26/26,92.7,11,5,48,3,Yes
"ROBINSON, Leo",Grade 2 (500),500,Grade 3,Grade 2,Grade 2,Grade 2,30,42,03/22/26,90.1,10,4,21,5,Yes
"CLARK, Aiden",Grade 4 (533),533,Grade 3,Grade 2,Grade 6,Grade 2,36,49,06/25/26,95.7,4,0,42,5,No
"JACKSON, Claire",Late Grade 1 (461),461,Late Grade 1,Early Grade 1,Late Grade 1,Early Grade 1,45,60,06/15/26,93.2,11,2,50,2,No
"ROBINSON, Theodore",Grade 7 (584),584,Grade 8,Grade 7,Grade 6,Grade 6,36,42,02/16/26,97.1,3,1,35,5,No
"VASQUEZ, Audrey",Grade 4 (524),524,Grade 5,Grade 6,Grade 3,Grade 3,26,36,06/23/26,97.3,8,1,10,5,No
"TAYLOR, Penelope",Grade 2 (488),488,Grade 2,Grade 3,Mid Grade 1,Late Grade 1,37,57,01/26/26,91.2,2,3,49,5,Yes
"BROWN, Ethan",Late K (393),393,Early Grade 1,Emerging Grade 1,Mid K,Mid K,28,36,03/03/26,92.5,11,1,12,4,No
"CAMPBELL, James",Late K (391),391,Emerging Grade 1,Early Grade 1,Early K,Late K,21,32,04/14/26,89.2,12,2,50,2,No
"PHILLIPS, Charles",Mid Grade 1 (444),444,Late Grade 1,Emerging Grade 1,Grade 2,Late Grade 1,30,39,03/27/26,93.1,13,0,18,2,No
"LOPEZ, Kennedy",Mid Grade 1 (450),450,Grade 2,Emerging Grade 1,Mid Grade 1,Grade 2,35,46,04/10/26,91.4,5,5,21,2,Yes
"ALVAREZ, Willow",Grade 3 (508),508,Late Grade 1,Grade 2,Grade 4,Grade 4,29,39,01/18/26,91.5,9,0,22,4,No
"ESTRADA, Skylar",Mid K (362),362,Emerging Grade 1,Late K,Emerging K,Early K,30,36,06/10/26,88.1,10,0,44,4,No
"ALVAREZ, Logan",Early K (333),333,Emerging K,Mid K,Emerging K,Early K,32,50,06/27/26,89.7,11,0,30,3,No
"MORALES, Mateo",Grade 7 (591),591,Grade 8,Grade 6,Grade 8,Grade 6,21,29,02/13/26,91.8,6,3,41,4,Yes
"RIVERA, Elena",Grade 2 (493),493,Grade 2,Grade 3,Grade 2,Mid Grade 1,23,31,01/04/26,89.0,8,0,1,4,No
"WALKER, Everly",Mid K (379),379,Emerging K,Emerging Grade 1,Early K,Late K,35,53,03/19/26,91.7,12,2,50,4,No
"RODRIGUEZ, Ellie",Late K (398),398,Early Grade 1,Emerging Grade 1,Early K,Early Grade 1,38,46,02/22/26,91.9,8,1,11,1,No
"SMITH, Savannah",Early K (329),329,Early K,Early K,Emerging K,Mid K,44,50,01/04/26,86.4,10,1,27,5,No
"GARCIA, Charles",Mid K (357),357,Emerging Grade 1,Mid K,Emerging Grade 1,Late K,24,44,06/11/26,81.1,9,0,34,4,Yes
"GOMEZ, Isaiah",Late Grade 1 (462),462,Mid Grade 1,Early Grade 1,Mid Grade 1,Mid Grade 1,29,40,02/20/26,89.0,7,0,46,4,No
"NELSON, Isabella",Mid K (368),368,Early K,Late K,Late K,Emerging K,28,46,06/05/26,88.7,10,2,40,4,No
"WILSON, Sebastian",Early Grade 1 (437),437,Late Grade 1,Emerging Grade 1,Mid Grade 1,Emerging Grade 1,30,48,04/01/26,93.8,8,0,34,2,No
"WILLIAMS, Ethan",Mid Grade 1 (452),452,Mid Grade 1,Mid Grade 1,Early Grade 1,Early Grade 1,28,33,01/13/26,94.3,8,4,50,5,Yes
"GREEN, Jackson",Late Grade 1 (470),470,Grade 3,Grade 2,Early Grade 1,Grade 3,31,45,05/09/26,87.8,4,0,48,3,No
"BAKER, Julian",Early Grade 1 (433),433,Mid Grade 1,Late Grade 1,Emerging Grade 1,Early Grade 1,20,29,06/05/26,94.0,12,0,46,4,No
"MENDOZA, Camila",Late Grade 1 (474),474,Grade 2,Mid Grade 1,Grade 2,Late Grade 1,45,64,05/10/26,92.3,11,4,14,3,Yes
"HERRERA, Mia",Late K (391),391,Early K,Early K,Early K,Mid K,22,32,05/02/26,92.5,11,4,0,5,Yes
"WRIGHT, Theodore",Grade 5 (545),545,Grade 6,Grade 6,Grade 7,Grade 7,42,50,04/01/26,90.3,2,1,45,3,No
"JONES, Asher",Mid K (379),379,Emerging Grade 1,Emerging Grade 1,Emerging K,Emerging Grade 1,34,44,06/25/26,87.7,9,0,8,4,No
"LEE, Mateo",Emerging Grade 1 (406),406,Emerging Grade 1,Mid K,Emerging Grade 1,Late K,37,45,03/10/26,88.7,9,0,40,4,No
"HERRERA, Chloe",Grade 5 (557),557,Grade 3,Grade 6,Grade 7,Grade 6,21,37,01/20/26,92.8,7,0,22,5,No
"MOORE, Scarlett",Late K (384),384,Emerging Grade 1,Emerging Grade 1,Mid K,Early K,36,45,04/04/26,90.7,9,2,16,3,No
"DAVIS, John",Emerging Grade 1 (406),406,Mid Grade 1,Emerging Grade 1,Mid K,Early Grade 1,41,60,02/05/26,89.1,12,0,45,3,No
"ESTRADA, Sebastian",Emerging K (201),201,Early K,Mid K,Early K,Emerging K,25,36,04/22/26,90.1,10,1,31,5,No
"CRUZ, Willow",Mid K (380),380,Late K,Emerging Grade 1,Late K,Early K,23,31,01/05/26,91.8,13,2,15,1,No
"LEE, Layla",Grade 7 (581),581,Grade 8,Grade 8,Grade 7,Grade 7,35,42,04/08/26,92.8,2,0,17,4,No
"MENDOZA, Aria",Late Grade 1 (474),474,Mid Grade 1,Grade 2,Early Grade 1,Grade 3,39,49,02/28/26,89.2,5,0,8,3,No
"LEE, Logan",Emerging K (151),151,Emerging K,Emerging K,Early K,Early K,36,50,06/21/26,90.7,10,1,3,4,No
"PEREZ, Hudson",Mid K (364),364,Mid K,Mid K,Mid K,Late K,27,42,01/06/26,90.7,10,2,13,3,No
"PHILLIPS, Lily",Emerging K (147),147,Early K,Early K,Early K,Early K,29,37,01/22/26,92.4,11,3,21,3,Yes
"ROBERTS, Luke",Early Grade 1 (432),432,Emerging Grade 1,Early Grade 1,Emerging Grade 1,Late Grade 1,32,39,01/05/26,88.8,6,0,41,5,No
"HARRIS, Sebastian",Grade 5 (543),543,Grade 7,Grade 7,Grade 5,Grade 5,43,63,02/18/26,95.0,5,0,35,4,No
"HILL, Aaliyah",Grade 7 (592),592,Grade 8,Grade 5,Grade 8,Grade 5,35,53,05/17/26,96.9,4,0,8,3,No
"SANCHEZ, Josiah",Grade 2 (487),487,Grade 3,Grade 3,Grade 4,Grade 4,22,32,04/25/26,89.5,7,0,38,3,No
"GARCIA, Scarlett",Early K (334),334,Emerging K,Late K,Mid K,Mid K,27,41,06/09/26,87.5,10,0,15,3,No
"PEREZ, Joseph",Mid Grade 1 (448),448,Early Grade 1,Grade 2,Emerging Grade 1,Emerging Grade 1,40,56,06/20/26,94.8,8,4,35,3,Yes
"DELGADO, Joshua",Mid K (357),357,Emerging K,Mid K,Early K,Mid K,25,38,01/18/26,86.5,5,4,37,2,Yes
"ANDERSON, Naomi",Grade 6 (569),569,Grade 8,Grade 8,Grade 5,Grade 7,27,42,03/07/26,91.1,3,1,9,4,No
"THOMPSON, Kinsley",Late K (396),396,Early K,Emerging Grade 1,Mid K,Emerging Grade 1,25,35,02/19/26,85.6,10,1,1,3,No
"THOMAS, Jackson",Late Grade 1 (467),467,Early Grade 1,Mid Grade 1,Early Grade 1,Grade 2,27,46,06/13/26,95.8,10,2,0,4,No
"REYES, Liam",Grade 3 (502),502,Grade 2,Grade 2,Late Grade 1,Grade 3,24,29,01/26/26,97.8,10,0,45,2,No
"WALKER, Evelyn",Grade 2 (495),495,Late Grade 1,Grade 2,Grade 2,Grade 3,24,36,01/18/26,91.9,3,0,2,2,No
"DIAZ, Aubrey",Early Grade 1 (434),434,Emerging Grade 1,Late K,Emerging Grade 1,Late K,27,45,04/05/26,90.1,11,4,43,3,Yes
"REYES, Willow",Emerging Grade 1 (404),404,Late K,Mid K,Emerging Grade 1,Emerging Grade 1,22,37,01/12/26,97.0,6,3,38,2,Yes
"GREEN, Theodore",Late K (386),386,Emerging Grade 1,Mid K,Late K,Early Grade 1,29,45,01/09/26,94.2,7,4,45,5,Yes
"CHAVEZ, Aiden",Grade 2 (485),485,Grade 2,Late Grade 1,Grade 3,Grade 3,43,63,01/04/26,86.7,4,0,5,3,No
"JIMENEZ, Benjamin",Grade 2 (492),492,Grade 2,Grade 3,Grade 3,Grade 3,42,60,05/26/26,92.3,6,3,15,3,Yes
"ALLEN, Christopher",Early Grade 1 (436),436,Late Grade 1,Late Grade 1,Emerging Grade 1,Mid Grade 1,22,40,05/19/26,92.5,3,0,5,3,No
"ALVAREZ, Aiden",Grade 8 (601),601,Grade 7,Grade 8,Grade 7,Grade 6,23,29,03/12/26,100.0,0,1,18,4,No
"MARTIN, Christopher",Mid K (363),363,Emerging K,Early K,Emerging K,Early K,32,37,06/14/26,86.6,13,1,4,4,No
"RAMOS, Thomas",Emerging K (193),193,Emerging K,Emerging K,Emerging K,Emerging K,20,38,02/25/26,90.6,15,2,44,5,No
"JACKSON, Dylan",Late Grade 1 (475),475,Early Grade 1,Late Grade 1,Early Grade 1,Mid Grade 1,21,27,05/25/26,93.6,9,0,27,4,No
"NELSON, Anthony",Late Grade 1 (469),469,Grade 3,Grade 3,Late Grade 1,Mid Grade 1,33,43,03/03/26,84.6,7,0,13,3,Yes
"ROJAS, Ava",Late K (398),398,Early Grade 1,Early K,Emerging Grade 1,Emerging Grade 1,30,47,04/06/26,93.1,10,1,17,2,No
"DAVIS, Isabella",Mid Grade 1 (451),451,Emerging Grade 1,Early Grade 1,Mid Grade 1,Early Grade 1,37,45,01/07/26,88.1,5,0,35,3,No
"GUERRERO, Noah",Mid K (374),374,Emerging Grade 1,Emerging K,Emerging Grade 1,Late K,21,27,03/03/26,90.2,10,0,18,5,No
"MORENO, Lincoln",Mid K (368),368,Mid K,Early K,Emerging K,Mid K,33,41,05/26/26,89.9,9,2,30,4,No
"DELGADO, Noah",Early K (350),350,Emerging K,Emerging K,Early K,Early K,45,54,06/06/26,92.7,10,5,38,4,Yes
"BROWN, Maverick",Emerging Grade 1 (405),405,Emerging Grade 1,Emerging Grade 1,Emerging Grade 1,Mid Grade 1,33,39,06/25/26,90.1,7,5,38,2,Yes
"RAMIREZ, Abigail",Mid Grade 1 (456),456,Emerging Grade 1,Emerging Grade 1,Early Grade 1,Mid Grade 1,37,44,04/04/26,90.4,9,0,4,3,No
"MILLER, Luke",Emerging K (145),145,Mid K,Early K,Early K,Early K,28,47,06/05/26,96.0,8,1,23,5,No
"JACKSON, Ellie",Grade 3 (505),505,Grade 4,Grade 3,Grade 5,Grade 5,30,46,01/22/26,91.2,9,2,43,1,No
"SANCHEZ, Hudson",Grade 2 (488),488,Grade 4,Mid Grade 1,Late Grade 1,Mid Grade 1,29,46,02/19/26,92.5,8,0,29,4,No
"LEWIS, Julian",Emerging Grade 1 (418),418,Early Grade 1,Mid K,Mid K,Late K,43,51,04/25/26,88.2,10,0,21,5,No
"MUNOZ, Leo",Late Grade 1 (476),476,Early Grade 1,Late Grade 1,Grade 2,Early Grade 1,37,46,04/05/26,91.1,6,0,38,4,No
"DAVIS, Ava",Grade 2 (496),496,Late Grade 1,Mid Grade 1,Late Grade 1,Mid Grade 1,44,62,03/09/26,92.6,6,0,25,2,No
"HARRIS, Willow",Grade 4 (537),537,Grade 3,Grade 4,Grade 3,Grade 2,22,40,03/25/26,94.0,9,3,30,4,Yes
"RAMOS, Isaiah",Grade 7 (594),594,Grade 7,Grade 8,Grade 5,Grade 6,22,31,03/22/26,100.0,5,1,47,4,No
"CHAVEZ, Sofia",Grade 4 (525),525,Grade 5,Grade 4,Grade 2,Grade 5,28,33,04/27/26,97.3,3,0,37,2,No
"MORENO, Chloe",Late K (398),398,Mid K,Early Grade 1,Emerging Grade 1,Mid K,31,42,02/22/26,89.9,9,2,1,3,No
"KING, Zoey",Grade 3 (504),504,Grade 4,Grade 4,Grade 4,Grade 4,31,47,05/14/26,88.9,6,0,11,4,No
"CASTILLO, Camila",Early Grade 1 (426),426,Late Grade 1,Mid Grade 1,Mid Grade 1,Early Grade 1,41,59,06/10/26,89.5,2,3,6,5,Yes
"RIVERA, Amelia",Mid Grade 1 (460),460,Late Grade 1,Emerging Grade 1,Late Grade 1,Grade 2,37,45,06/15/26,86.8,8,2,26,3,No
"CLARK, Elena",Early Grade 1 (424),424,Emerging Grade 1,Mid Grade 1,Late K,Early Grade 1,45,64,04/27/26,88.4,4,0,23,5,No
"ESTRADA, Lincoln",Mid K (377),377,Mid K,Mid K,Late K,Early K,20,38,01/01/26,95.0,11,3,33,5,Yes
"SMITH, Thomas",Late K (399),399,Emerging Grade 1,Mid K,Early Grade 1,Emerging Grade 1,26,43,01/26/26,93.3,8,4,24,5,Yes
"MOORE, Jackson",Grade 4 (537),537,Grade 3,Grade 5,Grade 3,Grade 2,42,51,05/04/26,91.0,3,2,40,5,No
"RAMOS, Christopher",Grade 6 (567),567,Grade 4,Grade 4,Grade 4,Grade 7,20,29,01/20/26,94.0,0,0,24,1,No
"CRUZ, Kinsley",Grade 7 (592),592,Grade 6,Grade 6,Grade 6,Grade 7,26,38,06/25/26,97.4,3,0,3,3,No
"RODRIGUEZ, Logan",Mid Grade 1 (459),459,Emerging Grade 1,Emerging Grade 1,Late Grade 1,Grade 2,23,31,02/10/26,92.1,10,0,23,5,No
"YOUNG, Elijah",Grade 2 (494),494,Mid Grade 1,Grade 3,Mid Grade 1,Late Grade 1,41,59,04/11/26,91.2,5,0,19,1,No
"RAMIREZ, Jackson",Mid Grade 1 (442),442,Emerging Grade 1,Mid Grade 1,Mid Grade 1,Late Grade 1,39,44,02/17/26,91.8,1,0,1,4,No
"WRIGHT, Jaxon",Grade 2 (487),487,Grade 2,Mid Grade 1,Late Grade 1,Mid Grade 1,30,39,02/03/26,92.4,0,0,30,3,No
"JONES, Mia",Late Grade 1 (470),470,Grade 2,Grade 2,Grade 2,Grade 3,32,43,03/06/26,94.7,13,2,25,2,No
"ROBERTS, Maverick",Mid K (362),362,Late K,Late K,Late K,Late K,39,52,03/20/26,92.1,12,0,22,3,No
"RAMIREZ, Ezra",Emerging Grade 1 (402),402,Mid Grade 1,Emerging Grade 1,Mid Grade 1,Early Grade 1,29,45,04/01/26,95.1,13,1,11,3,No
"MUNOZ, Isabella",Mid Grade 1 (452),452,Early Grade 1,Mid Grade 1,Emerging Grade 1,Emerging Grade 1,30,35,06/11/26,93.1,12,0,14,4,No
"ESTRADA, Hazel",Mid Grade 1 (457),457,Early Grade 1,Emerging Grade 1,Grade 2,Mid Grade 1,42,49,05/21/26,87.8,11,0,20,3,No
"ALLEN, Mateo",Emerging Grade 1 (409),409,Early Grade 1,Mid K,Mid K,Early Grade 1,25,40,05/13/26,91.1,10,0,50,5,No
"LEWIS, Aiden",Mid K (368),368,Emerging K,Emerging Grade 1,Emerging Grade 1,Emerging K,30,35,01/16/26,94.3,13,2,17,3,No
"SMITH, Elena",Emerging Grade 1 (402),402,Early Grade 1,Emerging Grade 1,Early Grade 1,Early Grade 1,40,48,03/20/26,92.7,10,2,8,2,No
"THOMPSON, Penelope",Mid K (358),358,Early K,Mid K,Emerging Grade 1,Emerging K,42,48,03/26/26,90.7,10,0,16,3,No
"ANDERSON, Joshua",Mid K (361),361,Early K,Emerging Grade 1,Late K,Emerging K,24,39,02/25/26,84.8,7,3,40,4,Yes
"SCOTT, Harper",Early Grade 1 (439),439,Mid Grade 1,Mid Grade 1,Early Grade 1,Early Grade 1,44,64,02/03/26,91.4,11,0,35,5,No
"ALVAREZ, Riley",Late Grade 1 (463),463,Grade 2,Early Grade 1,Mid Grade 1,Early Grade 1,41,52,04/27/26,90.2,10,0,37,4,No
"SMITH, Claire",Grade 2 (490),490,Grade 3,Late Grade 1,Grade 4,Mid Grade 1,24,36,03/13/26,99.4,6,0,49,3,No
"CONTRERAS, Ethan",Late K (390),390,Early Grade 1,Early K,Mid K,Emerging Grade 1,23,31,02/01/26,91.9,8,0,42,4,No
"AGUILAR, Nora",Early K (326),326,Mid K,Late K,Early K,Early K,32,50,05/11/26,91.5,11,0,41,3,No
"MORENO, Theodore",Mid K (368),368,Early K,Emerging Grade 1,Mid K,Emerging Grade 1,39,59,05/14/26,90.5,10,0,7,3,No
"LOPEZ, Mateo",Early Grade 1 (428),428,Late K,Late Grade 1,Late K,Early Grade 1,27,44,04/13/26,95.5,12,3,17,4,Yes
"ALVAREZ, Ella",Late K (390),390,Early Grade 1,Late K,Early K,Early K,25,45,06/10/26,93.2,6,0,43,2,No
"WILLIAMS, Scarlett",Grade 4 (525),525,Grade 2,Grade 5,Grade 5,Grade 4,20,30,03/03/26,97.0,11,0,22,5,No
"GARCIA, Andrew",Emerging Grade 1 (408),408,Early Grade 1,Mid K,Mid K,Mid K,38,52,02/17/26,86.0,9,2,6,3,No
"YOUNG, Savannah",Grade 2 (498),498,Grade 2,Grade 3,Grade 2,Grade 2,34,39,03/10/26,91.8,1,1,38,4,No
"SCOTT, Joseph",Late Grade 1 (461),461,Mid Grade 1,Grade 2,Mid Grade 1,Mid Grade 1,31,51,01/08/26,88.7,6,1,13,4,No
"ANDERSON, Sebastian",Mid Grade 1 (449),449,Grade 2,Late Grade 1,Grade 2,Early Grade 1,28,44,03/13/26,86.1,4,0,12,1,No
"BROWN, Jaxon",Grade 3 (504),504,Grade 4,Grade 4,Grade 5,Grade 3,29,37,01/16/26,95.5,6,1,33,5,No
"HILL, Nova",Late Grade 1 (470),470,Grade 2,Late Grade 1,Early Grade 1,Late Grade 1,20,39,01/07/26,92.0,12,0,19,1,No
"GARCIA, Nora",Emerging K (135),135,Early K,Early K,Mid K,Mid K,44,53,01/23/26,87.3,20,0,37,5,No
"ROJAS, Aubrey",Emerging K (190),190,Emerging K,Mid K,Mid K,Early K,33,50,01/09/26,92.1,9,0,27,4,No
"MITCHELL, Penelope",Early K (333),333,Mid K,Early K,Late K,Early K,29,43,01/10/26,85.3,8,1,24,5,No
"GOMEZ, Aurora",Early K (349),349,Mid K,Mid K,Late K,Mid K,33,52,04/14/26,82.8,12,0,49,3,Yes
"ORTIZ, Christian",Mid Grade 1 (450),450,Early Grade 1,Grade 2,Grade 2,Mid Grade 1,24,38,01/25/26,93.1,7,2,29,5,No
"CLARK, Jaxon",Grade 3 (503),503,Late Grade 1,Grade 3,Late Grade 1,Grade 3,39,47,03/19/26,91.3,7,0,47,4,No
"PEREZ, Claire",Late Grade 1 (477),477,Mid Grade 1,Grade 3,Grade 2,Mid Grade 1,27,36,03/21/26,89.4,16,0,31,4,No
"REYES, Grace",Emerging K (139),139,Mid K,Emerging K,Mid K,Emerging K,27,38,01/16/26,92.1,11,0,7,3,No
"JIMENEZ, Brooklyn",Grade 3 (518),518,Grade 3,Grade 5,Grade 4,Grade 5,23,41,02/21/26,95.6,7,1,15,3,No
"ADAMS, Adrian",Early K (351),351,Mid K,Mid K,Emerging K,Late K,31,44,04/13/26,88.7,9,1,27,2,No
"CLARK, Wyatt",Early K (345),345,Emerging K,Mid K,Emerging K,Late K,21,37,02/15/26,91.7,8,0,10,3,No
"ALVAREZ, Lincoln",Late K (397),397,Emerging Grade 1,Early Grade 1,Early K,Mid K,40,49,03/21/26,89.9,7,2,50,2,No
"NUNEZ, Aaliyah",Grade 5 (543),543,Grade 6,Grade 6,Grade 6,Grade 7,41,51,05/23/26,99.9,4,0,8,4,No
"MITCHELL, Anna",Late K (400),400,Emerging Grade 1,Early K,Early K,Early K,43,53,02/04/26,88.6,6,2,20,4,No
"GUERRERO, Maverick",Emerging K (144),144,Mid K,Early K,Early K,Emerging K,21,34,01/02/26,89.3,10,2,38,4,No
"CASTILLO, Emma",Mid K (378),378,Late K,Late K,Early K,Emerging Grade 1,37,48,02/09/26,85.3,10,0,47,2,No
"MITCHELL, Mia",Emerging K (271),271,Emerging K,Emerging K,Emerging K,Emerging K,20,36,04/19/26,87.5,10,0,46,5,No
"GREEN, Kinsley",Emerging Grade 1 (407),407,Mid Grade 1,Early Grade 1,Mid Grade 1,Emerging Grade 1,31,40,01/15/26,88.4,10,0,5,2,No
"NUNEZ, Jaxon",Emerging K (227),227,Emerging K,Emerging K,Mid K,Mid K,30,35,02/27/26,94.9,8,0,45,3,No
"ESTRADA, Alexander",Emerging K (247),247,Emerging K,Mid K,Mid K,Mid K,29,46,05/02/26,82.5,9,1,16,4,Yes
"BROWN, Noah",Late K (387),387,Late K,Early K,Mid K,Mid K,37,52,06/02/26,90.5,11,4,39,4,Yes
"LOPEZ, Aaliyah",Late K (383),383,Emerging Grade 1,Early Grade 1,Early Grade 1,Early K,37,57,02/09/26,90.2,8,1,14,4,No
"WALKER, Aurora",Mid K (363),363,Emerging K,Emerging K,Emerging K,Early K,37,54,06/22/26,89.5,6,0,49,3,No
"THOMPSON, Benjamin",Late Grade 1 (478),478,Mid Grade 1,Early Grade 1,Grade 2,Early Grade 1,39,55,03/07/26,89.1,13,0,5,4,No
"JACKSON, Victoria",Grade 2 (498),498,Grade 4,Mid Grade 1,Mid Grade 1,Late Grade 1,21,28,01/05/26,91.1,8,0,38,4,No
"DELGADO, Riley",Early K (346),346,Late K,Emerging K,Emerging K,Emerging K,28,39,04/23/26,88.9,7,3,14,3,Yes
"NELSON, Elena",Mid K (376),376,Early K,Emerging Grade 1,Mid K,Mid K,42,50,01/12/26,93.6,7,1,17,2,No
"SCOTT, Evelyn",Mid K (379),379,Emerging Grade 1,Early K,Emerging K,Mid K,43,52,01/08/26,88.4,6,1,7,1,No
"VARGAS, Noah",Mid K (368),368,Mid K,Emerging K,Emerging K,Mid K,39,56,04/01/26,91.7,8,0,13,3,No
"THOMPSON, Charles",Early Grade 1 (430),430,Late K,Late Grade 1,Early Grade 1,Late K,39,54,03/26/26,91.6,7,0,46,5,No
"LEE, Aurora",Grade 2 (482),482,Mid Grade 1,Grade 4,Grade 3,Grade 2,37,56,04/19/26,92.4,2,0,24,4,No
"CRUZ, Samuel",Grade 5 (549),549,Grade 5,Grade 3,Grade 4,Grade 7,29,44,05/13/26,97.5,7,0,16,5,No
"PHILLIPS, Maverick",Emerging K (178),178,Mid K,Mid K,Early K,Early K,25,44,04/01/26,85.5,12,5,30,4,Yes
"MUNOZ, Paisley",Late K (399),399,Early K,Late K,Early Grade 1,Early Grade 1,30,37,04/06/26,90.1,15,0,31,2,No
"CASTILLO, Ezra",Early K (324),324,Early K,Emerging K,Emerging K,Early K,41,60,05/11/26,93.8,11,0,45,5,No
"RODRIGUEZ, Henry",Late Grade 1 (472),472,Grade 3,Early Grade 1,Grade 3,Mid Grade 1,31,39,01/17/26,89.4,9,0,20,4,No
"MARTIN, Samantha",Emerging K (209),209,Early K,Emerging K,Emerging K,Early K,39,55,03/14/26,90.9,9,4,18,4,Yes
"WILSON, Alexander",Emerging K (138),138,Mid K,Emerging K,Emerging K,Mid K,26,41,05/23/26,89.3,7,1,22,5,No
"MITCHELL, Grayson",Emerging K (285),285,Emerging K,Early K,Mid K,Emerging K,22,34,05/17/26,92.8,11,2,34,4,No
"PEREZ, Skylar",Mid Grade 1 (457),457,Grade 2,Late Grade 1,Mid Grade 1,Mid Grade 1,26,40,02/11/26,92.4,13,0,29,3,No
"GUERRERO, James",Emerging Grade 1 (414),414,Emerging Grade 1,Mid K,Emerging Grade 1,Mid Grade 1,36,43,03/21/26,88.8,9,2,14,4,No
"BAKER, Benjamin",Mid K (369),369,Emerging Grade 1,Early K,Emerging Grade 1,Mid K,45,59,03/11/26,92.1,12,1,9,4,No
"ROMERO, Ezra",Grade 4 (535),535,Grade 2,Grade 3,Grade 2,Grade 5,28,48,06/04/26,95.2,7,0,44,3,No
"CRUZ, Isabella",Early Grade 1 (437),437,Mid Grade 1,Mid Grade 1,Early Grade 1,Emerging Grade 1,32,44,06/10/26,96.3,13,3,37,4,Yes
"GONZALEZ, Amelia",Emerging K (190),190,Early K,Early K,Mid K,Early K,43,61,03/25/26,87.0,11,0,49,4,No
"FLORES, Claire",Early K (321),321,Mid K,Late K,Late K,Mid K,34,44,05/24/26,83.1,6,0,19,4,Yes
"RAMIREZ, Mateo",Early Grade 1 (437),437,Late Grade 1,Late Grade 1,Mid Grade 1,Early Grade 1,30,47,03/25/26,92.3,10,2,47,5,No
"ALVAREZ, Kinsley",Emerging Grade 1 (409),409,Mid Grade 1,Mid Grade 1,Emerging Grade 1,Mid K,31,45,02/04/26,90.2,12,0,10,3,No
"DIAZ, Christian",Grade 5 (549),549,Grade 4,Grade 3,Grade 4,Grade 7,36,46,01/20/26,100.0,2,0,12,1,No
"WILSON, Emma",Early K (348),348,Late K,Early K,Late K,Mid K,23,31,04/14/26,87.9,10,0,17,4,No
"MILLER, James",Grade 3 (508),508,Late Grade 1,Grade 3,Grade 2,Grade 5,30,43,04/21/26,93.6,3,0,44,3,No
"THOMPSON, Noah",Emerging K (280),280,Mid K,Early K,Emerging K,Mid K,41,47,06/21/26,90.2,11,0,14,4,No
"ROBINSON, Aria",Early K (332),332,Late K,Mid K,Early K,Early K,40,47,05/28/26,88.9,8,1,31,4,No
"CASTILLO, Jack",Emerging K (276),276,Early K,Mid K,Early K,Mid K,38,50,06/12/26,84.2,11,0,19,5,Yes
"YOUNG, Aubrey",Emerging Grade 1 (413),413,Mid Grade 1,Emerging Grade 1,Mid Grade 1,Early Grade 1,29,37,02/04/26,97.2,8,2,26,5,No
"LEE, Charles",Emerging K (218),218,Early K,Mid K,Emerging K,Early K,42,59,06/05/26,89.1,7,2,31,4,No
"GUERRERO, Samantha",Emerging K (168),168,Mid K,Emerging K,Early K,Emerging K,37,52,03/22/26,87.4,13,1,25,3,No
"ROJAS, Leo",Late K (382),382,Late K,Emerging Grade 1,Emerging Grade 1,Mid K,38,48,05/07/26,90.7,8,5,39,3,Yes
"ADAMS, Caroline",Emerging K (284),284,Emerging K,Early K,Emerging K,Mid K,30,46,05/03/26,86.6,8,0,12,5,No
"THOMAS, Asher",Grade 4 (528),528,Grade 4,Grade 3,Grade 4,Grade 4,33,44,05/24/26,94.6,7,2,48,5,No
"KING, Amelia",Late K (396),396,Early K,Mid K,Late K,Late K,20,32,06/25/26,90.1,9,2,50,3,No
"CRUZ, Ellie",Grade 3 (509),509,Late Grade 1,Late Grade 1,Late Grade 1,Grade 5,43,61,01/01/26,93.8,3,2,6,4,No
"MORENO, Isaac",Grade 3 (510),510,Grade 3,Grade 4,Grade 5,Late Grade 1,29,42,04/07/26,100.0,12,0,24,3,No
"ROJAS, Mia",Grade 7 (598),598,Grade 7,Grade 8,Grade 7,Grade 6,32,37,04/24/26,94.1,7,0,6,4,No
"HERNANDEZ, Everly",Late K (388),388,Emerging Grade 1,Late K,Emerging Grade 1,Early Grade 1,23,37,03/05/26,93.4,2,0,10,3,No
"ROBERTS, Leo",Mid K (360),360,Late K,Emerging Grade 1,Late K,Emerging Grade 1,43,55,01/25/26,86.7,10,2,9,1,No
"RAMIREZ, Isaiah",Mid Grade 1 (441),441,Mid Grade 1,Early Grade 1,Grade 2,Late Grade 1,37,57,03/21/26,92.5,12,1,35,5,No
"FLORES, Kinsley",Grade 5 (554),554,Grade 3,Grade 6,Grade 4,Grade 3,25,33,02/07/26,87.8,9,0,27,4,No
"GREEN, Ezra",Emerging Grade 1 (418),418,Early Grade 1,Early Grade 1,Mid K,Emerging Grade 1,23,41,03/24/26,95.0,7,1,39,5,No
"VASQUEZ, Josiah",Early K (354),354,Early K,Mid K,Mid K,Late K,34,45,03/24/26,88.1,4,0,33,4,No
"MARTINEZ, Dylan",Mid K (361),361,Early K,Late K,Emerging K,Emerging K,29,40,02/23/26,92.6,12,0,39,4,No
"RAMIREZ, Alexander",Late K (398),398,Mid K,Late K,Early K,Mid K,28,42,04/19/26,90.0,7,2,16,4,No
"ROBERTS, Isabella",Early K (334),334,Mid K,Early K,Mid K,Emerging K,24,41,03/19/26,89.8,6,0,47,5,No
"ROBINSON, Kennedy",Early K (321),321,Early K,Early K,Emerging K,Early K,24,34,04/28/26,90.4,10,5,8,4,Yes
"LEE, Gabriel",Late Grade 1 (471),471,Late Grade 1,Grade 3,Early Grade 1,Mid Grade 1,37,54,04/25/26,90.2,10,0,33,3,No
"PHILLIPS, Lucas",Grade 3 (506),506,Grade 3,Grade 2,Grade 4,Grade 5,34,54,06/26/26,94.0,9,2,41,3,No
"DAVIS, Emma",Grade 3 (512),512,Grade 4,Grade 2,Grade 5,Grade 5,26,43,03/06/26,100.0,3,0,23,4,No
"ROBERTS, Aiden",Mid K (359),359,Mid K,Mid K,Emerging Grade 1,Emerging K,39,52,01/21/26,89.3,13,0,44,4,No
"SANCHEZ, Lily",Grade 7 (581),581,Grade 8,Grade 8,Grade 8,Grade 6,35,43,01/12/26,100.0,7,0,47,3,No
"FLORES, Benjamin",Late K (384),384,Early K,Emerging Grade 1,Early K,Late K,23,36,02/21/26,90.0,9,3,20,5,Yes
"ROBERTS, Ella",Late Grade 1 (472),472,Grade 3,Early Grade 1,Grade 2,Grade 2,41,47,01/07/26,94.4,5,2,5,3,No
"CONTRERAS, Olivia",Mid Grade 1 (457),457,Late Grade 1,Early Grade 1,Emerging Grade 1,Mid Grade 1,28,44,01/11/26,86.6,9,0,29,2,No
"JIMENEZ, Mia",Grade 2 (486),486,Grade 2,Grade 4,Mid Grade 1,Late Grade 1,45,50,02/21/26,92.5,8,1,15,3,No
"MORENO, Samantha",Grade 2 (485),485,Grade 2,Mid Grade 1,Grade 3,Grade 2,25,38,02/19/26,92.5,9,0,12,3,No
"AGUILAR, Aubrey",Late Grade 1 (469),469,Early Grade 1,Grade 2,Late Grade 1,Grade 3,31,47,06/17/26,88.8,9,2,2,5,No
"TAYLOR, Andrew",Early K (334),334,Late K,Mid K,Mid K,Early K,30,43,01/17/26,89.5,8,1,2,5,No
"JIMENEZ, Jaxon",Emerging Grade 1 (415),415,Mid Grade 1,Emerging Grade 1,Emerging Grade 1,Mid Grade 1,32,38,03/23/26,93.2,11,3,10,3,Yes
"BROWN, Carter",Mid Grade 1 (444),444,Early Grade 1,Mid Grade 1,Mid Grade 1,Early Grade 1,34,44,01/15/26,93.4,5,1,27,4,No
"MENDOZA, Dylan",Mid K (367),367,Emerging Grade 1,Mid K,Late K,Late K,29,35,02/25/26,96.1,7,0,27,4,No
"MOORE, Everly",Mid Grade 1 (446),446,Grade 2,Early Grade 1,Mid Grade 1,Grade 2,42,53,05/25/26,95.0,12,2,3,5,No
"GUTIERREZ, Zoey",Grade 3 (515),515,Grade 4,Grade 2,Grade 4,Late Grade 1,41,50,02/06/26,93.6,8,0,13,3,No
"MENDOZA, Nathan",Early K (344),344,Emerging K,Late K,Early K,Mid K,23,43,05/22/26,87.6,11,1,24,5,No
"MENDOZA, Ryan",Grade 2 (484),484,Grade 3,Late Grade 1,Grade 2,Late Grade 1,32,47,03/27/26,90.6,2,0,34,2,No
"ROJAS, Emma",Grade 4 (526),526,Grade 3,Grade 4,Grade 4,Grade 4,36,41,05/20/26,94.7,0,1,8,4,No
"MUNOZ, Olivia",Mid K (358),358,Mid K,Late K,Early K,Late K,24,38,03/13/26,88.2,7,0,26,3,No
"SCOTT, Isaac",Grade 3 (515),515,Late Grade 1,Grade 3,Late Grade 1,Grade 4,45,50,02/11/26,96.5,10,1,0,4,No
"MOORE, Kennedy",Late K (382),382,Late K,Emerging Grade 1,Late K,Early K,39,58,05/12/26,91.3,5,3,23,2,Yes
"LEE, Jackson",Early Grade 1 (433),433,Late K,Emerging Grade 1,Late K,Early Grade 1,42,55,02/17/26,93.5,4,1,3,4,No
"MORALES, Olivia",Grade 4 (535),535,Grade 4,Grade 2,Grade 6,Grade 4,28,46,03/22/26,93.0,12,0,11,3,No
"RODRIGUEZ, Violet",Emerging Grade 1 (410),410,Mid K,Mid Grade 1,Mid K,Emerging Grade 1,43,49,05/24/26,89.5,10,1,8,4,No
"ALLEN, Genesis",Emerging Grade 1 (409),409,Emerging Grade 1,Early Grade 1,Mid Grade 1,Late K,43,62,01/03/26,90.6,10,1,46,4,No
"ANDERSON, Elijah",Early Grade 1 (423),423,Early Grade 1,Early Grade 1,Mid Grade 1,Mid Grade 1,20,30,06/09/26,90.7,4,0,27,5,No
"CAMPBELL, Sebastian",Mid K (365),365,Emerging Grade 1,Emerging Grade 1,Emerging Grade 1,Early K,42,48,03/19/26,84.8,11,1,47,4,Yes
"CONTRERAS, Scarlett",Emerging Grade 1 (402),402,Mid Grade 1,Early Grade 1,Late K,Emerging Grade 1,28,33,04/07/26,94.1,9,0,17,4,No
"SMITH, Genesis",Emerging K (157),157,Emerging K,Mid K,Early K,Emerging K,22,36,06/23/26,86.0,8,1,38,3,No
"ROBINSON, Hazel",Grade 5 (541),541,Grade 5,Grade 5,Grade 5,Grade 5,34,43,04/28/26,95.1,4,1,43,3,No
"LOPEZ, Ellie",Late Grade 1 (479),479,Early Grade 1,Grade 2,Grade 3,Late Grade 1,22,33,06/17/26,91.1,10,0,43,4,No
"TURNER, Abigail",Early Grade 1 (440),440,Early Grade 1,Late Grade 1,Mid Grade 1,Mid Grade 1,44,49,03/18/26,91.3,0,0,34,2,No
"MORALES, Caroline",Emerging K (155),155,Emerging K,Emerging K,Mid K,Early K,25,35,06/13/26,85.9,10,0,38,3,No
"DAVIS, Maverick",Mid Grade 1 (451),451,Grade 2,Grade 2,Grade 2,Late Grade 1,27,44,04/25/26,86.7,9,1,11,3,No
"BAKER, Aiden",Grade 3 (515),515,Grade 2,Late Grade 1,Grade 4,Grade 5,40,58,04/14/26,94.3,8,0,39,4,No
"CARTER, Lucas",Early Grade 1 (434),434,Late K,Early Grade 1,Late Grade 1,Emerging Grade 1,25,45,06/03/26,92.2,8,1,50,4,No
"RAMOS, Sebastian",Emerging Grade 1 (408),408,Late K,Early Grade 1,Late K,Emerging Grade 1,24,38,01/01/26,91.9,12,0,38,3,No
"CASTILLO, Samuel",Grade 7 (597),597,Grade 5,Grade 7,Grade 6,Grade 6,34,41,01/24/26,100.0,6,2,30,5,No
"MARTIN, Isabella",Grade 6 (578),578,Grade 4,Grade 8,Grade 8,Grade 4,34,54,06/02/26,95.0,9,1,49,1,No
"WRIGHT, Ellie",Mid Grade 1 (455),455,Late Grade 1,Emerging Grade 1,Emerging Grade 1,Early Grade 1,28,36,06/06/26,89.3,11,0,15,5,No
"WILLIAMS, Elijah",Mid Grade 1 (443),443,Late Grade 1,Late Grade 1,Early Grade 1,Mid Grade 1,30,44,06/15/26,90.6,11,0,17,4,No
"ORTIZ, Aaliyah",Early K (339),339,Emerging K,Early K,Mid K,Mid K,42,56,03/23/26,91.5,14,1,28,4,No
"CRUZ, Abigail",Early K (339),339,Late K,Mid K,Early K,Emerging K,26,40,02/19/26,92.0,10,1,33,3,No
"VASQUEZ, Nova",Grade 7 (585),585,Grade 7,Grade 7,Grade 8,Grade 8,40,50,05/16/26,99.3,11,0,4,3,No
"ALVAREZ, Zoey",Mid K (364),364,Emerging Grade 1,Emerging K,Early K,Mid K,35,54,05/21/26,94.6,7,3,50,5,Yes
"ROMERO, Victoria",Late K (382),382,Emerging Grade 1,Early K,Late K,Early Grade 1,22,35,05/18/26,92.5,6,0,3,4,No
"MENDOZA, Jaxon",Mid K (379),379,Early K,Early K,Early K,Late K,25,31,05/09/26,88.6,9,0,4,5,No
"SCOTT, Benjamin",Mid K (362),362,Early K,Early K,Emerging Grade 1,Emerging Grade 1,35,54,01/18/26,90.5,9,2,4,3,No
"WHITE, James",Emerging K (150),150,Emerging K,Mid K,Mid K,Emerging K,39,59,03/19/26,91.8,11,3,46,5,Yes
"MORENO, Elena",Mid Grade 1 (460),460,Late Grade 1,Emerging Grade 1,Mid Grade 1,Late Grade 1,39,52,04/21/26,93.8,11,1,41,3,No
"MENDOZA, Asher",Late K (398),398,Early Grade 1,Late K,Emerging Grade 1,Early K,44,54,04/01/26,87.0,17,1,10,3,No
"THOMPSON, Aaliyah",Late Grade 1 (464),464,Grade 2,Late Grade 1,Grade 3,Mid Grade 1,26,34,02/07/26,91.9,10,2,30,2,No
"EVANS, John",Early K (330),330,Mid K,Early K,Early K,Late K,45,55,02/20/26,87.8,8,1,30,4,No
"VARGAS, Violet",Mid K (364),364,Late K,Mid K,Mid K,Early K,29,44,06/12/26,91.0,8,0,36,3,No
"GARCIA, Violet",Grade 2 (493),493,Mid Grade 1,Grade 3,Grade 2,Late Grade 1,34,47,01/27/26,92.8,5,1,18,5,No
"JOHNSON, Emma",Emerging Grade 1 (413),413,Emerging Grade 1,Mid Grade 1,Mid Grade 1,Late K,45,56,05/17/26,88.8,10,0,10,3,No
"ROBERTS, Brooklyn",Emerging Grade 1 (402),402,Early Grade 1,Early Grade 1,Late K,Emerging Grade 1,39,56,01/04/26,93.6,10,1,28,5,No
"ROBINSON, James",Early K (325),325,Mid K,Late K,Early K,Early K,38,52,05/07/26,86.2,9,0,34,4,No
"HILL, Aria",Early Grade 1 (430),430,Late K,Emerging Grade 1,Late K,Early Grade 1,31,50,06/07/26,93.0,12,1,21,3,No
"AGUILAR, Ryan",Mid K (379),379,Emerging K,Early K,Emerging K,Late K,33,50,04/26/26,93.3,11,3,32,3,Yes
"THOMPSON, Josiah",Grade 8 (617),617,Grade 7,Grade 8,Grade 7,Grade 7,38,53,06/03/26,96.6,1,4,49,2,Yes
"WRIGHT, Alexander",Grade 3 (503),503,Grade 5,Grade 4,Grade 5,Grade 2,44,51,06/14/26,95.4,4,2,47,2,No
"TORRES, Carter",Early K (342),342,Late K,Late K,Emerging K,Late K,38,52,01/20/26,89.5,10,0,27,2,No
"MITCHELL, Owen",Late Grade 1 (471),471,Grade 3,Grade 2,Mid Grade 1,Grade 3,31,40,02/25/26,94.3,10,0,34,4,No
"CRUZ, Olivia",Early Grade 1 (423),423,Early Grade 1,Early Grade 1,Emerging Grade 1,Emerging Grade 1,26,40,02/14/26,93.8,8,4,49,3,Yes
"WHITE, Evelyn",Early K (345),345,Emerging K,Late K,Early K,Late K,21,40,04/13/26,90.8,15,1,7,2,No
"KING, Jackson",Grade 5 (557),557,Grade 3,Grade 4,Grade 4,Grade 3,35,51,06/11/26,93.4,7,0,32,3,No
"WRIGHT, Henry",Emerging K (216),216,Emerging K,Emerging K,Early K,Early K,32,40,03/12/26,94.0,9,1,41,3,No
"FLORES, Maya",Mid Grade 1 (453),453,Late Grade 1,Emerging Grade 1,Mid Grade 1,Mid Grade 1,21,30,02/06/26,90.8,8,0,44,4,No
"SANCHEZ, Noah",Mid Grade 1 (447),447,Mid Grade 1,Mid Grade 1,Grade 2,Late Grade 1,25,43,02/06/26,99.4,5,2,42,3,No
"RAMOS, James",Emerging K (152),152,Early K,Early K,Mid K,Early K,28,43,01/26/26,89.3,11,1,47,5,No
"GONZALEZ, Jayden",Early Grade 1 (440),440,Late Grade 1,Emerging Grade 1,Emerging Grade 1,Late K,20,36,02/03/26,90.6,9,5,29,5,Yes
"WHITE, Asher",Early K (321),321,Mid K,Late K,Late K,Mid K,24,39,06/18/26,86.5,13,2,30,4,No
"ROMERO, Everly",Early K (353),353,Early K,Early K,Early K,Emerging K,43,51,06/13/26,88.4,14,0,16,3,No
"LEWIS, Carter",Late Grade 1 (477),477,Grade 3,Grade 3,Late Grade 1,Mid Grade 1,30,48,03/22/26,95.8,12,3,47,5,Yes
"PEREZ, Hazel",Grade 2 (486),486,Mid Grade 1,Late Grade 1,Mid Grade 1,Late Grade 1,25,42,03/01/26,90.3,6,0,40,5,No
"MUNOZ, Savannah",Emerging Grade 1 (409),409,Mid Grade 1,Early Grade 1,Mid K,Emerging Grade 1,40,55,03/06/26,90.8,14,1,35,4,No
"BROWN, Elijah",Grade 2 (489),489,Mid Grade 1,Grade 2,Grade 3,Mid Grade 1,37,46,01/08/26,99.0,7,0,45,3,No
"HERRERA, Julian",Emerging Grade 1 (418),418,Mid K,Mid Grade 1,Late K,Early Grade 1,36,47,02/27/26,88.8,4,0,47,3,No
"CHAVEZ, Thomas",Early Grade 1 (437),437,Late Grade 1,Late K,Late Grade 1,Early Grade 1,37,49,06/17/26,92.5,10,2,40,4,No
"CHAVEZ, Christian",Early Grade 1 (440),440,Mid Grade 1,Emerging Grade 1,Early Grade 1,Late K,32,46,04/17/26,97.9,7,1,8,4,No
"GARCIA, John",Emerging K (281),281,Mid K,Mid K,Early K,Emerging K,43,50,01/25/26,87.2,11,2,48,5,No
"THOMAS, Riley",Grade 2 (494),494,Grade 3,Grade 4,Late Grade 1,Late Grade 1,31,38,02/09/26,95.3,10,1,37,5,No
"ALVAREZ, Abigail",Emerging Grade 1 (409),409,Emerging Grade 1,Mid K,Mid K,Mid Grade 1,29,37,06/20/26,86.7,10,0,7,4,No
"CLARK, Joshua",Early K (342),342,Mid K,Emerging K,Late K,Mid K,23,42,04/19/26,91.5,14,3,31,4,Yes
"SCOTT, Owen",Emerging K (287),287,Mid K,Mid K,Early K,Emerging K,41,61,06/14/26,84.8,13,3,17,5,Yes
"CONTRERAS, Kinsley",Grade 4 (537),537,Grade 4,Grade 5,Grade 4,Grade 4,22,27,01/23/26,95.4,4,0,37,3,No
"DIAZ, Joseph",Grade 8 (616),616,Grade 8,Grade 8,Grade 8,Grade 7,39,56,01/20/26,100.0,9,1,6,4,No
"GUERRERO, Harper",Late K (400),400,Emerging Grade 1,Emerging Grade 1,Early K,Late K,40,59,04/19/26,90.9,9,0,40,4,No
"HERNANDEZ, Aurora",Early K (332),332,Emerging K,Mid K,Emerging K,Mid K,33,38,06/15/26,90.5,8,2,22,3,No
"CONTRERAS, Riley",Emerging Grade 1 (402),402,Emerging Grade 1,Early Grade 1,Emerging Grade 1,Late K,26,41,06/13/26,91.1,4,0,31,5,No
"MILLER, Carter",Mid Grade 1 (448),448,Mid Grade 1,Mid Grade 1,Emerging Grade 1,Emerging Grade 1,40,57,03/20/26,90.3,8,0,16,5,No
"JONES, Leo",Late K (395),395,Late K,Mid K,Mid K,Late K,20,28,02/19/26,89.1,13,1,18,4,No
"CASTILLO, Asher",Late K (383),383,Mid K,Early K,Early K,Early Grade 1,41,58,03/05/26,89.6,6,0,24,2,No
"DELGADO, Adrian",Mid Grade 1 (443),443,Mid Grade 1,Early Grade 1,Late Grade 1,Emerging Grade 1,27,36,06/09/26,94.3,9,2,14,3,No
"WHITE, Owen",Mid Grade 1 (447),447,Early Grade 1,Emerging Grade 1,Mid Grade 1,Early Grade 1,20,40,04/14/26,82.1,4,0,11,5,Yes
"MOORE, Andrew",Mid Grade 1 (453),453,Mid Grade 1,Mid Grade 1,Mid Grade 1,Late Grade 1,31,47,02/11/26,91.0,8,2,20,5,No
"MENDOZA, Maya",Grade 2 (499),499,Late Grade 1,Mid Grade 1,Grade 4,Grade 3,37,52,01/26/26,94.4,5,0,44,4,No
"ROJAS, Christopher",Emerging Grade 1 (419),419,Mid K,Early Grade 1,Mid Grade 1,Early Grade 1,35,53,01/06/26,94.2,9,1,22,4,No
"GUTIERREZ, Ryan",Emerging K (190),190,Emerging K,Mid K,Early K,Mid K,28,33,06/20/26,83.9,11,4,25,3,Yes
"HERRERA, Savannah",Early Grade 1 (430),430,Early Grade 1,Emerging Grade 1,Late Grade 1,Late Grade 1,33,42,05/22/26,86.5,5,5,3,4,Yes
"ROBERTS, Nora",Early K (325),325,Emerging K,Late K,Early K,Early K,27,37,02/01/26,87.1,7,0,5,2,No
"CAMPBELL, Ellie",Late Grade 1 (473),473,Grade 2,Grade 2,Grade 2,Mid Grade 1,30,40,01/10/26,89.9,12,3,31,2,Yes
"MOORE, Aria",Early K (343),343,Emerging K,Mid K,Late K,Emerging K,36,49,01/20/26,92.8,12,2,6,3,No
"MARTINEZ, Skylar",Emerging K (198),198,Early K,Emerging K,Mid K,Mid K,31,38,02/07/26,86.3,8,1,22,2,No
"CHAVEZ, Samantha",Mid Grade 1 (459),459,Early Grade 1,Late Grade 1,Early Grade 1,Grade 2,24,43,01/20/26,95.8,9,4,7,5,Yes
"DELGADO, Zoey",Emerging K (274),274,Emerging K,Mid K,Mid K,Emerging K,23,43,02/20/26,90.9,14,0,29,5,No
"TAYLOR, Christopher",Grade 2 (484),484,Grade 4,Mid Grade 1,Grade 2,Late Grade 1,31,40,02/27/26,88.1,8,0,3,5,No
"SCOTT, Elijah",Emerging K (267),267,Early K,Mid K,Mid K,Mid K,42,59,05/21/26,89.4,13,1,12,3,No
"LEE, Ezra",Late K (393),393,Early K,Emerging Grade 1,Early K,Emerging Grade 1,23,38,05/16/26,88.4,8,5,49,3,Yes
"SANCHEZ, Samantha",Early Grade 1 (422),422,Emerging Grade 1,Late K,Early Grade 1,Late Grade 1,43,53,06/11/26,91.3,5,0,19,3,No
"BAKER, Nora",Emerging K (311),311,Mid K,Early K,Mid K,Mid K,36,46,05/12/26,88.2,10,0,29,5,No
"SMITH, Owen",Emerging K (152),152,Early K,Emerging K,Mid K,Mid K,39,44,01/13/26,89.9,15,4,0,5,Yes
"WILLIAMS, Charles",Grade 7 (593),593,Grade 6,Grade 7,Grade 8,Grade 5,24,33,05/08/26,94.7,4,3,43,4,Yes
"HERRERA, Ezra",Early K (338),338,Late K,Emerging K,Late K,Late K,32,45,02/27/26,89.6,8,0,44,3,No
"ROJAS, Benjamin",Emerging K (129),129,Emerging K,Emerging K,Early K,Emerging K,25,40,02/24/26,88.4,15,4,25,3,Yes
"ESTRADA, Wyatt",Grade 3 (509),509,Late Grade 1,Late Grade 1,Grade 4,Grade 2,22,42,02/05/26,93.2,7,0,7,3,No
"RAMIREZ, Lucas",Mid K (375),375,Mid K,Late K,Early K,Late K,39,45,06/17/26,90.0,8,0,20,1,No
"MEDINA, Layla",Grade 5 (552),552,Grade 6,Grade 4,Grade 3,Grade 6,32,41,03/17/26,97.0,7,0,42,4,No
"WHITE, Emma",Emerging K (162),162,Mid K,Mid K,Early K,Mid K,25,34,05/11/26,92.9,12,0,34,1,No
"VASQUEZ, Nathan",Late Grade 1 (471),471,Late Grade 1,Early Grade 1,Mid Grade 1,Early Grade 1,41,53,01/13/26,93.8,8,0,36,2,No
"ADAMS, Josiah",Emerging K (266),266,Early K,Mid K,Mid K,Early K,29,46,04/24/26,88.9,14,0,40,4,No
"CLARK, Abigail",Early Grade 1 (432),432,Emerging Grade 1,Emerging Grade 1,Early Grade 1,Emerging Grade 1,32,45,02/12/26,91.4,5,0,2,4,No
"ADAMS, Ryan",Grade 3 (513),513,Grade 2,Grade 3,Grade 2,Grade 4,33,51,04/24/26,86.9,9,0,21,3,No
"ORTIZ, Ellie",Late Grade 1 (467),467,Mid Grade 1,Mid Grade 1,Mid Grade 1,Grade 3,26,42,04/18/26,96.3,4,0,19,3,No
"ROBINSON, Logan",Emerging K (266),266,Early K,Early K,Mid K,Early K,21,32,02/11/26,86.9,10,0,33,3,No
"HERNANDEZ, Gabriel",Late Grade 1 (473),473,Grade 3,Mid Grade 1,Late Grade 1,Grade 3,44,53,06/13/26,88.0,5,0,20,4,No
"CRUZ, Adrian",Grade 2 (496),496,Grade 2,Grade 4,Grade 4,Grade 4,43,49,06/04/26,93.7,6,0,3,3,No
"ROMERO, Nora",Grade 2 (487),487,Grade 2,Mid Grade 1,Grade 2,Grade 4,30,49,04/11/26,92.7,5,0,35,2,No
"MORALES, Violet",Early Grade 1 (440),440,Mid Grade 1,Emerging Grade 1,Late Grade 1,Late Grade 1,40,60,06/09/26,89.2,3,5,42,5,Yes
"GOMEZ, Gabriel",Grade 2 (485),485,Grade 3,Grade 3,Grade 3,Grade 3,25,30,05/23/26,96.2,7,0,36,3,No
"YOUNG, Liam",Grade 6 (579),579,Grade 6,Grade 6,Grade 4,Grade 6,22,32,02/20/26,94.9,9,0,50,5,No
"JOHNSON, Grace",Mid K (358),358,Mid K,Emerging Grade 1,Late K,Emerging K,39,57,02/12/26,91.0,8,0,33,5,No
"YOUNG, Emma",Mid K (361),361,Emerging K,Early K,Mid K,Mid K,34,52,03/02/26,88.4,19,1,42,2,No
"LOPEZ, Christopher",Early K (321),321,Emerging K,Mid K,Late K,Early K,35,52,04/02/26,88.4,8,0,23,5,No
"JACKSON, Theodore",Late Grade 1 (465),465,Late Grade 1,Late Grade 1,Grade 3,Mid Grade 1,35,49,03/03/26,98.6,4,0,42,5,No
"REYES, Claire",Emerging K (132),132,Emerging K,Emerging K,Emerging K,Emerging K,31,38,02/19/26,90.3,6,3,0,4,Yes
"BROWN, Adrian",Grade 4 (540),540,Grade 2,Grade 3,Grade 6,Grade 5,40,55,06/04/26,93.8,6,0,47,5,No
"RIVERA, Scarlett",Late Grade 1 (463),463,Early Grade 1,Grade 2,Mid Grade 1,Mid Grade 1,21,28,04/11/26,91.4,6,2,45,5,No
"JIMENEZ, Caroline",Emerging Grade 1 (419),419,Mid K,Early Grade 1,Late K,Mid Grade 1,20,27,02/07/26,90.5,15,1,12,4,No
"TORRES, Maya",Early K (341),341,Early K,Early K,Late K,Mid K,39,57,05/21/26,88.5,13,2,47,3,No
"RAMOS, Wyatt",Emerging K (116),116,Early K,Early K,Mid K,Emerging K,39,57,01/22/26,89.0,6,0,47,4,No
"ROBERTS, David",Grade 2 (492),492,Grade 4,Mid Grade 1,Grade 4,Grade 2,43,58,04/12/26,93.2,4,0,48,4,No
"MORENO, Lucy",Mid K (361),361,Emerging K,Mid K,Late K,Late K,34,49,04/15/26,92.1,7,0,47,4,No
"HERNANDEZ, Violet",Grade 4 (531),531,Grade 5,Grade 3,Grade 5,Grade 4,20,38,06/06/26,98.8,12,0,1,3,No
"VARGAS, Abigail",Late K (381),381,Emerging Grade 1,Emerging Grade 1,Mid K,Late K,37,50,02/07/26,85.6,10,1,10,4,No
"SANCHEZ, Kennedy",Late K (384),384,Early K,Late K,Emerging Grade 1,Early Grade 1,29,38,02/17/26,95.5,8,0,0,5,No
"RAMOS, Ezra",Late K (390),390,Early Grade 1,Emerging Grade 1,Early Grade 1,Early K,39,48,05/10/26,88.8,12,2,8,3,No
"RAMIREZ, Dylan",Emerging K (194),194,Early K,Emerging K,Emerging K,Early K,42,54,03/21/26,95.5,7,2,35,3,No
"MORENO, Carter",Grade 4 (531),531,Grade 6,Grade 3,Grade 6,Grade 6,27,39,04/19/26,94.0,7,0,6,3,No
"TURNER, Logan",Mid K (372),372,Late K,Late K,Emerging Grade 1,Mid K,22,41,04/25/26,91.6,15,2,23,5,No
"ROBINSON, Ava",Mid K (376),376,Emerging K,Mid K,Mid K,Emerging Grade 1,35,44,03/11/26,87.2,10,3,12,5,Yes
"MORENO, Hudson",Grade 6 (580),580,Grade 8,Grade 4,Grade 6,Grade 4,43,54,05/26/26,93.5,6,0,44,5,No
"ALVAREZ, Aria",Early K (322),322,Emerging K,Late K,Emerging K,Mid K,34,43,04/21/26,87.9,11,1,20,2,No
"CLARK, Lily",Mid K (378),378,Emerging Grade 1,Late K,Mid K,Early K,38,47,03/01/26,94.1,14,1,23,2,No
"ANDERSON, Nathan",Early Grade 1 (434),434,Early Grade 1,Mid Grade 1,Emerging Grade 1,Early Grade 1,39,45,06/10/26,89.3,13,0,32,2,No
"ORTIZ, Ethan",Early K (354),354,Early K,Early K,Emerging K,Mid K,31,46,01/14/26,88.6,11,0,3,4,No
"THOMAS, Hudson",Late Grade 1 (478),478,Early Grade 1,Mid Grade 1,Grade 2,Mid Grade 1,23,36,02/08/26,97.1,9,0,41,5,No
"WALKER, Owen",Emerging K (156),156,Emerging K,Emerging K,Emerging K,Mid K,30,45,04/25/26,86.6,8,1,18,4,No
"MARTIN, Kennedy",Early Grade 1 (422),422,Emerging Grade 1,Late Grade 1,Late K,Emerging Grade 1,27,47,01/12/26,90.4,5,0,10,3,No
"BAKER, Abigail",Emerging K (260),260,Mid K,Mid K,Early K,Early K,37,53,05/13/26,89.7,12,1,21,3,No
"THOMAS, Aria",Early K (339),339,Late K,Emerging K,Late K,Late K,26,36,01/02/26,88.1,11,4,13,3,Yes
"NUNEZ, Josiah",Grade 3 (507),507,Grade 5,Grade 3,Grade 3,Grade 4,21,33,05/27/26,93.9,11,0,13,5,No
"ALVAREZ, Carter",Emerging Grade 1 (413),413,Emerging Grade 1,Early Grade 1,Early Grade 1,Mid Grade 1,44,54,04/16/26,88.7,8,5,15,2,Yes
"GARCIA, Amelia",Grade 3 (520),520,Late Grade 1,Late Grade 1,Grade 3,Late Grade 1,29,48,04/24/26,92.4,6,0,13,4,No
"CONTRERAS, Isabella",Late K (381),381,Late K,Early K,Early K,Late K,24,37,04/26/26,91.7,9,1,43,5,No
"CASTILLO, Dylan",Emerging K (122),122,Mid K,Emerging K,Early K,Mid K,42,55,03/01/26,87.6,7,2,9,3,No
"ANDERSON, Isaac",Emerging K (227),227,Early K,Early K,Early K,Emerging K,20,26,06/03/26,94.5,9,2,46,4,No
"HERNANDEZ, Joseph",Late Grade 1 (467),467,Mid Grade 1,Grade 2,Early Grade 1,Early Grade 1,38,56,05/23/26,90.6,8,3,3,3,Yes
"ADAMS, Dylan",Early K (344),344,Early K,Mid K,Mid K,Late K,25,42,03/15/26,94.3,10,0,43,4,No
"ADAMS, Bella",Late K (394),394,Early K,Early Grade 1,Late K,Mid K,30,46,06/15/26,86.8,11,2,2,3,No
"GUTIERREZ, Ezra",Mid Grade 1 (458),458,Early Grade 1,Grade 2,Early Grade 1,Early Grade 1,42,59,01/27/26,90.9,9,1,2,4,No
"GARCIA, Everly",Mid K (373),373,Early K,Early K,Mid K,Late K,23,38,06/27/26,90.9,6,0,42,5,No
"JACKSON, Julian",Late Grade 1 (464),464,Mid Grade 1,Grade 2,Mid Grade 1,Mid Grade 1,42,47,05/26/26,94.1,9,0,19,3,No
"NUNEZ, Ellie",Grade 3 (518),518,Late Grade 1,Grade 2,Late Grade 1,Late Grade 1,20,34,01/07/26,96.0,12,0,16,4,No
"LEE, Harper",Grade 6 (573),573,Grade 4,Grade 8,Grade 6,Grade 6,32,48,02/10/26,92.2,8,0,39,4,No
"YOUNG, Caleb",Grade 7 (596),596,Grade 7,Grade 7,Grade 5,Grade 7,42,62,04/25/26,95.1,5,1,39,5,No
"YOUNG, Samantha",Grade 8 (613),613,Grade 6,Grade 7,Grade 6,Grade 7,28,35,01/08/26,96.2,0,3,29,3,Yes
"GUERRERO, Layla",Mid Grade 1 (456),456,Emerging Grade 1,Mid Grade 1,Mid Grade 1,Grade 2,44,63,02/20/26,91.8,8,0,43,5,No
"WHITE, Lincoln",Emerging K (146),146,Early K,Early K,Mid K,Mid K,32,38,03/19/26,91.3,13,0,28,3,No
"CARTER, Aubrey",Late K (384),384,Mid K,Early K,Mid K,Emerging Grade 1,35,47,01/13/26,91.3,4,3,49,3,Yes
"JIMENEZ, John",Early K (352),352,Early K,Late K,Emerging K,Emerging K,25,34,02/24/26,93.3,10,0,31,3,No
"THOMPSON, Maya",Emerging K (234),234,Mid K,Early K,Mid K,Mid K,23,41,04/02/26,87.9,14,1,4,2,No
"MILLER, Kennedy",Emerging Grade 1 (417),417,Late K,Late K,Mid K,Mid K,25,32,05/06/26,89.3,6,5,23,4,Yes
"RAMIREZ, Brooklyn",Grade 7 (586),586,Grade 8,Grade 5,Grade 5,Grade 6,26,35,03/05/26,96.3,2,0,32,5,No
"GREEN, James",Late Grade 1 (479),479,Grade 3,Early Grade 1,Late Grade 1,Mid Grade 1,30,42,04/26/26,93.8,12,1,13,2,No
"NELSON, Hazel",Mid Grade 1 (458),458,Emerging Grade 1,Early Grade 1,Early Grade 1,Grade 2,24,31,04/17/26,93.4,8,0,40,4,No
"DAVIS, Ezra",Grade 5 (549),549,Grade 6,Grade 3,Grade 6,Grade 3,30,47,01/07/26,91.9,0,0,38,5,No
"EVANS, Brooklyn",Grade 6 (577),577,Grade 7,Grade 5,Grade 5,Grade 8,36,50,04/25/26,99.4,8,0,35,2,No
"GUTIERREZ, Elena",Grade 2 (482),482,Grade 2,Grade 2,Grade 3,Grade 2,34,49,03/27/26,90.8,7,0,30,4,No
"ROBERTS, Hazel",Late Grade 1 (480),480,Grade 3,Grade 3,Mid Grade 1,Grade 2,30,37,06/16/26,96.5,7,1,4,3,No
"VARGAS, Joseph",Grade 4 (540),540,Grade 6,Grade 3,Grade 4,Grade 4,27,38,03/10/26,95.6,9,1,17,3,No
"EVANS, Maverick",Grade 4 (525),525,Grade 4,Grade 3,Grade 4,Grade 6,37,52,02/26/26,91.1,7,0,46,5,No
"MENDOZA, Genesis",Early K (342),342,Early K,Late K,Mid K,Early K,32,52,06/09/26,92.2,9,0,16,4,No
"MORALES, Henry",Grade 7 (598),598,Grade 8,Grade 5,Grade 5,Grade 6,45,58,04/15/26,99.9,4,1,32,4,No
"VARGAS, Grace",Emerging K (209),209,Mid K,Early K,Mid K,Emerging K,35,53,04/11/26,90.0,12,0,3,1,No
"NELSON, Amelia",Early Grade 1 (425),425,Late K,Mid Grade 1,Emerging Grade 1,Late K,41,47,01/04/26,89.4,12,0,27,3,No
"TURNER, Owen",Mid Grade 1 (449),449,Grade 2,Mid Grade 1,Early Grade 1,Early Grade 1,20,35,02/06/26,94.1,3,0,39,1,No
"RIVERA, Alexander",Early Grade 1 (440),440,Early Grade 1,Mid Grade 1,Late K,Late K,27,45,02/08/26,89.9,9,0,14,3,No
"GUERRERO, Aiden",Late Grade 1 (474),474,Grade 3,Grade 3,Grade 2,Grade 2,26,38,01/28/26,96.9,10,1,47,5,No
"ADAMS, Liam",Grade 2 (487),487,Grade 3,Grade 3,Grade 4,Grade 2,30,35,04/17/26,89.1,4,0,23,2,No
"CARTER, Isabella",Grade 3 (513),513,Grade 2,Grade 4,Grade 2,Grade 2,30,46,04/09/26,94.0,9,0,38,5,No
"RAMIREZ, Emma",Mid K (378),378,Emerging K,Late K,Emerging K,Late K,38,54,03/13/26,93.0,10,1,27,2,No
"JONES, Henry",Mid K (367),367,Mid K,Late K,Early K,Early K,27,38,01/13/26,86.5,14,0,10,2,No
"NELSON, Maya",Emerging K (120),120,Mid K,Early K,Early K,Emerging K,29,38,04/09/26,89.9,9,0,10,4,No
"RIVERA, Victoria",Mid Grade 1 (459),459,Early Grade 1,Mid Grade 1,Grade 2,Late Grade 1,33,43,02/01/26,92.9,6,2,4,4,No
"CASTILLO, Joseph",Early Grade 1 (435),435,Late Grade 1,Early Grade 1,Emerging Grade 1,Emerging Grade 1,37,47,02/26/26,97.5,9,2,32,5,No
"KING, Lincoln",Grade 4 (533),533,Grade 3,Grade 3,Grade 2,Grade 5,24,33,02/28/26,92.4,5,1,29,3,No
"REYES, Jackson",Late Grade 1 (466),466,Grade 3,Early Grade 1,Early Grade 1,Grade 2,24,29,03/15/26,89.4,7,2,35,4,No
"GREEN, Ellie",Emerging Grade 1 (417),417,Emerging Grade 1,Mid Grade 1,Mid Grade 1,Early Grade 1,44,57,05/14/26,94.0,14,0,2,3,No
"WILSON, Thomas",Grade 3 (504),504,Grade 5,Grade 4,Grade 4,Grade 4,29,45,01/11/26,89.0,7,0,49,4,No
"HARRIS, Logan",Grade 4 (525),525,Grade 4,Grade 5,Grade 3,Grade 3,20,32,04/09/26,91.2,7,0,13,4,No
"PEREZ, Violet",Mid K (360),360,Emerging K,Mid K,Mid K,Emerging K,31,50,04/21/26,90.6,9,0,32,4,No
"WALKER, Olivia",Emerging K (184),184,Emerging K,Early K,Mid K,Emerging K,20,28,02/24/26,88.0,8,0,13,4,No
"HERNANDEZ, Camila",Emerging Grade 1 (411),411,Mid Grade 1,Early Grade 1,Emerging Grade 1,Mid Grade 1,30,44,03/02/26,92.3,5,3,48,4,Yes
"WRIGHT, Aaliyah",Emerging K (299),299,Mid K,Mid K,Mid K,Mid K,36,43,02/27/26,85.4,14,1,46,4,No
"GUTIERREZ, Logan",Grade 2 (487),487,Mid Grade 1,Grade 4,Grade 3,Grade 2,32,44,01/02/26,91.0,14,0,36,3,No
"LEE, Abigail",Early Grade 1 (429),429,Emerging Grade 1,Late K,Late K,Emerging Grade 1,21,34,06/16/26,92.1,7,3,10,5,Yes
"REYES, Bella",Emerging K (217),217,Early K,Mid K,Mid K,Early K,35,48,05/18/26,82.4,9,2,40,4,Yes
"CHAVEZ, Skylar",Late Grade 1 (479),479,Grade 3,Late Grade 1,Grade 3,Mid Grade 1,27,32,04/16/26,91.8,15,0,46,5,No
"ROBERTS, Mateo",Mid K (364),364,Emerging K,Early K,Emerging Grade 1,Early K,45,57,02/15/26,95.5,6,2,32,3,No
"MOORE, Naomi",Late K (391),391,Late K,Early K,Mid K,Mid K,39,59,06/03/26,91.5,3,0,25,5,No
"HERNANDEZ, Dylan",Late K (392),392,Early K,Late K,Mid K,Emerging Grade 1,35,52,05/07/26,85.6,13,0,39,5,No
"RAMOS, Layla",Mid Grade 1 (459),459,Late Grade 1,Emerging Grade 1,Emerging Grade 1,Emerging Grade 1,22,27,02/18/26,86.4,11,4,50,5,Yes
"CHAVEZ, Hudson",Grade 8 (601),601,Grade 7,Grade 6,Grade 6,Grade 6,29,45,06/22/26,100.0,3,1,5,1,No
"WILLIAMS, Zoey",Emerging K (249),249,Emerging K,Emerging K,Mid K,Emerging K,26,36,04/27/26,90.0,11,1,39,5,No
"EVANS, Isabella",Mid K (358),358,Late K,Emerging Grade 1,Mid K,Early K,40,48,04/20/26,90.2,12,0,21,4,No
"ROBINSON, Isaiah",Grade 3 (512),512,Grade 5,Grade 3,Grade 3,Grade 4,33,45,03/22/26,93.0,9,0,9,1,No
"ROBERTS, Ava",Grade 4 (525),525,Grade 2,Grade 5,Grade 3,Grade 3,43,50,03/25/26,93.3,9,0,30,3,No
"NELSON, Harper",Late Grade 1 (470),470,Mid Grade 1,Grade 2,Early Grade 1,Late Grade 1,25,42,02/12/26,93.5,8,3,16,3,Yes
"THOMAS, Charles",Grade 2 (491),491,Grade 3,Late Grade 1,Grade 2,Grade 3,41,56,05/28/26,93.3,7,1,16,3,No
"WILLIAMS, Leo",Early K (329),329,Early K,Late K,Mid K,Early K,43,53,04/02/26,89.8,6,2,39,3,No
